Alpha,Common
CARC,Caribbean Coot
CARW,Carolina Wren
VEFL,Vermilion Flycatcher
VERD,Verdin
VESP,Vesper Sparrow
VETR,Venezuelan Troupial
VGSW,Violet-green Swallow
VIPE,Victoria Penguin
VIRA,Virginia Rail
VIWA,Virginia's Warbler
WAAL,Wandering Albatross
WAHO,Wattled Honeyeater
WATA,Wandering Tattler
WAVA,Waved Albatross
WAVI,Warbling Vireo
WBNU,White-breasted Nuthatch
WCGR,Western/Clark's Grebe
WCPE,White-chinned Petrel
WCPI,White-crowned Pigeon
WCSE,White-collared Seedeater
WCSP,White-crowned Sparrow
WCTH,White-chinned Thrush
WEBL,Western Bluebird
WEFL,Western Flycatcher
WEGR,Western Grebe
WEGU,Western Gull
WEHU,White-eared Hummingbird
WEKI,Western Kingbird
WEME,Western Meadowlark
WESA,Western Sandpiper
WESJ,Western Scrub-Jay
WESO,Western Screech-Owl
WESP,Western Spindalis
WETA,Western Tanager
WETH,White-eyed Thrush
WEVI,White-eyed Vireo
WEWA,Worm-eating Warbler
WEWP,Western Wood-Pewee
WFIB,White-faced Ibis
WFSP,White-faced Storm-Petrel
WHAU,Whiskered Auklet
WHCR,Whooping Crane
WHIB,White Ibis
WHIM,Whimbrel
WHIP,White-cheeked Pintail
WHIT,Whiskered Tern
WHOS,Whooper Swan
WHSO,Whiskered Screech-Owl
WHSP,White-throated Storm-Petrel
WHSW,Whistling Swan
WHTE,White Tern
WHWA,White Wagtail
WHWO,White-headed Woodpecker
WIFL,Willow Flycatcher
WILL,Willet
WIPH,Wilson's Phalarope
WIPL,Wilson's Plover
WIPT,Willow Ptarmigan
WISA,Williamson's Sapsucker
WISN,Wilson's Snipe
WISP,Wilson's Storm-Petrel
WITU,Wild Turkey
PRSP,Puerto Rican Spindalis
PRTA,Puerto Rican Tanager
PRTO,Puerto Rican Tody
PRVI,Puerto Rican Vireo
PRWO,Puerto Rican Woodpecker
PSFL,Pacific-slope Flycatcher
WOSA,Wood Sandpiper
WOSP,Worthen's Sparrow
WOST,Wood Stork
WOTH,Wood Thrush
WOWA,Wood Warbler
WPWA,Western Palm Warbler
WREN,Wrentit
WRSA,White-rumped Sandpiper
WRSH,White-rumped Shama
WRSP,Wedge-rumped Storm-Petrel
WRSW,White-rumped Swiftlet
WSPL,Western Snowy Plover
WTDO,White-tipped Dove
WTGD,White-throated Ground-Dove
WTHA,White-tailed Hawk
WTKI,White-tailed Kite
WTPT,White-tailed Ptarmigan
WTSH,Wedge-tailed Shearwater
WTSP,White-throated Sparrow
WTSW,White-throated Swift
WTTR,White-tailed Tropicbird
WVMY,White-vented Myna
WWCR,White-winged Crossbill
WWDO,White-winged Dove
WWJU,White-winged Junco
WWSC,White-winged Scoter
WWTE,White-winged Tern
WYBC,Western Yellow-billed Cuckoo
XAMU,Xantus's Murrelet
YBCA,Yellow-billed Cardinal
YBCH,Yellow-breasted Chat
YBCR,Yellow-breasted Crake
YBCU,Yellow-billed Cuckoo
YBEL,Yellow-bellied Elaenia
YBFL,Yellow-bellied Flycatcher
YBLO,Yellow-billed Loon
YBMA,Yellow-billed Magpie
YBSA,Yellow-bellied Sapsucker
YBSE,Yellow-bellied Seedeater
YCBI,Yellow-crowned Bishop
YCNH,Yellow-crowned Night-Heron
YEBI,Yellow Bittern
YEGR,Yellow Grosbeak
YEJU,Yellow-eyed Junco
YERA,Yellow Rail
YEWA,Yellow Warbler
YFCA,Yellow-fronted Canary
YFGR,Yellow-faced Grassquit
YFGU,Yellow-footed Gull
YGVI,Yellow-green Vireo
YHBL,Yellow-headed Blackbird
YNAL,Yellow-nosed Albatross
YPWA,Yellow Palm Warbler
YSBL,Yellow-shouldered Blackbird
YSFL,Yellow-shafted Flicker
YSGR,Yellow-shouldered Grassquit
YTVI,Yellow-throated Vireo
YTWA,Yellow-throated Warbler
ZEBD,Zebra Dove
ZEND,Zenaida Dove
ATSP,American Tree Sparrow
ATTW,American Three-toed Woodpecker
AUOR,Audubon's Oriole
AUSH,Audubon's Shearwater
AUWA,Audubon's Warbler
AWPE,American White Pelican
AZTH,Aztec Thrush
BABI,Black X Atlantic Brant Intergrade
BACG,Baja Gnatcatcher
BACS,Bachman's Sparrow
BAEA,Bald Eagle
BAGO,Barrow's Goldeneye
BAHO,Bahama Oriole
BAHS,Bahama Swallow
BAIS,Baird's Sparrow
BAMO,Bahama Mockingbird
BANA,Bananaquit
BANP,Band-rumped Storm-Petrel
BANS,Bank Swallow
BAOR,Baltimore Oriole
BARG,Bar-tailed Godwit
BARS,Barn Swallow
BARW,Barbuda Warbler
BASA,Baird's Sandpiper
BATE,Baikal Teal
BAWO,Bahama Woodstar
BAWW,Black-and-white Warbler
BAYE,Bahama Yellowthroat
BBAL,Black-browed Albatross
BBCU,Black-billed Cuckoo
BBFL,Buff-breasted Flycatcher
BBGR,Blue-black Grassquit
BBLH,Broad-billed Hummingbird
BBMA,Black-billed Magpie
BBOH,Baltimore X Bullock's Oriole Hybrid
BBPL,Black-bellied Plover
BBPR,Broad-billed Prion
BBRA,Buff-banded Rail
BBSA,Buff-breasted Sandpiper
BBWA,Bay-breasted Warbler
BBWD,Black-bellied Whistling-Duck
BBWO,Black-backed Woodpecker
BCCH,Black-capped Chickadee
BCFL,Brown-crested Flycatcher
BCGN,Black-capped Gnatcatcher
BCHU,Black-chinned Hummingbird
BCLO,Blue-crowned Lorikeet
BCNH,Black-crowned Night-Heron
BCNI,Buff-collared Nightjar
BCOR,Black-cowled Oriole
BCPE,Black-capped Petrel
BCRF,Brown-capped Rosy-Finch
BCSP,Black-chinned Sparrow
BCTI,Black-crested Titmouse
BCVI,Black-capped Vireo
BDOW,Barred Owl
BECO,Blue-eyed Cormorant
BEHU,Berylline Hummingbird
BEKI,Belted Kingfisher
BESP,Bell's Sparrow
BESW,Bewick's Swan
BETH,Bendire's Thrasher
SCJU,Slate-colored Junco
SCMU,Scripps's Murrelet
SCOR,Scott's Oriole
SCQU,Scaled Quail
SCTA,Scarlet Tanager
SEOW,Short-eared Owl
SEPL,Semipalmated Plover
SESA,Semipalmated Sandpiper
SESP,Seaside Sparrow
SEWR,Sedge Wren
SGPE,Southern Giant Petrel
SHAL,Shy Albatross
SHAS,Sharp-tailed Sandpiper
SHCO,Shiny Cowbird
SHGD,Shy Ground Dove
SHLA,Streaked Horned Lark
SHOS,Short-tailed Shearwater
SHWR,Southern House Wren
SIAC,Siberian Accentor
SIRU,Siberian Rubythroat
SKLA,Sky Lark
SLAR,Slate-throated Redstart
SLSH,San Clemente Loggerhead Shrike
SLWA,St. Lucia Warbler
SMLO,Smith's Longspur
SNBU,Snow Bunting
SNEG,Snowy Egret
SNKI,Snail Kite
SNOW,Snowy Owl
SNPE,Snow Petrel
SNPI,Scaly-naped Pigeon
SNPL,Snowy Plover
SNSH,Snowy Sheathbill
SOAL,Sooty Albatross
SOFU,Southern Fulmar
SORA,Sora
SOSA,Solitary Sandpiper
SOSH,Sooty Shearwater
SOSP,Song Sparrow
SOTE,Sooty Tern
SOVI,Solitary Vireo
SPDO,Spotted Dove
SPEI,Spectacled Eider
SPGR,Spruce Grouse
SPOO,Spot-breasted Oriole
SPOS,Spoon-billed Sandpiper
SPOW,Spotted Owl
SPPI,Sprague's Pipit
SPSA,Spotted Sandpiper
SPSK,South Polar Skua
SPTO,Spotted Towhee
SRGH,Snow X Ross's Goose Hybrid
SSHA,Sharp-shinned Hawk
STAL,Short-tailed Albatross
STEI,Steller's Eider
STFL,Scissor-tailed Flycatcher
STGR,Sharp-tailed Grouse
STHA,Short-tailed Hawk
STJA,Steller's Jay
STKI,Swallow-tailed Kite
STOF,Stolid Flycatcher
STPE,Stejneger's Petrel
STRO,Streak-backed Oriole
STRS,Streaked Shearwater
STSA,Stilt Sandpiper
STSP,Unidentified Sharp-tailed Sparrow
BRSK,Brown Skua
BRSP,Brewer's Sparrow
BRTE,Bridled Tern
BRTH,Brown Thrasher
BRTI,Bridled Titmouse
BRTR,Brown Trembler
BRWA,Brewster's Warbler
BRWE,Bridled White-eye
BRWX,Black-rumped Waxbill
BSSP,Belding's Savannah Sparrow
BTBW,Black-throated Blue Warbler
BTCU,Bristle-thighed Curlew
BTGN,Black-tailed Gnatcatcher
BTGR,Boat-tailed Grackle
BTGU,Band-tailed Gull
BTLH,Broad-tailed Hummingbird
BTNW,Black-throated Green Warbler
BTPA,Brown-throated Parakeet
BTPI,Band-tailed Pigeon
BTSP,Black-throated Sparrow
BTYW,Black-throated Gray Warbler
BUAL,Buller's Albatross
BUFF,Bufflehead
BUFH,Buff-bellied Hummingbird
BUHU,Bumblebee Hummingbird
BULS,Buller's Shearwater
BUOR,Bullock's Oriole
BUOW,Burrowing Owl
BUPE,Bulwer's Petrel
BUSH,Bushtit
BVOR,Black-vented Oriole
BVSH,Black-vented Shearwater
BWAG,Black-backed Wagtail
BWHA,Broad-winged Hawk
BWPE,Black-winged Petrel
BWTE,Blue-winged Teal
BWVI,Black-whiskered Vireo
BWWA,Blue-winged Warbler
CAAU,Cassin's Auklet
CACG,Cackling Goose
CACH,Carolina Chickadee
CACW,Cactus Wren
CADO,Caribbean Dove
CAEG,Cattle Egret
CAEL,Caribbean Elaenia
CAFI,Cassin's Finch
CAGN,California Gnatcatcher
CAGO,Canada Goose
CAGU,California Gull
CAHO,Cardinal Honeyeater
CAHU,Calliope Hummingbird
CAKI,Cassin's Kingbird
CALC,California Condor
CALT,California Towhee
CAMA,Caribbean Martin
CANT,Canyon Towhee
CANV,Canvasback
CANW,Canyon Wren
CAPE,Cape Petrel
CAQU,California Quail
JUTI,Juniper Titmouse
KAAM,Kauai Amakihi
CASP,Cassin's Sparrow
CASW,Cave Swallow
CATE,Caspian Tern
CATH,California Thrasher
CAVI,Cassin's Vireo
CAWA,Canada Warbler
CAYT,Cayenne Tern
CBCH,Chestnut-backed Chickadee
CBHA,Common Black Hawk
CBTH,Curve-billed Thrasher
CCLO,Chestnut-collared Longspur
CCSP,Clay-colored Sparrow
CCTH,Clay-colored Thrush
CEDW,Cedar Waxwing
CERW,Cerulean Warbler
CGRE,Common Greenshank
CHCO,Cherry-head Conure
CHPE,Chinstrap Penguin
CHRA,Chihuahuan Raven
CHSH,Christmas Shearwater
CHSP,Chipping Sparrow
CHSW,Chimney Swift
CHUK,Chukar
CITE,Cinnamon Teal
CLGR,Clark's Grebe
CLNU,Clark's Nutcracker
CLRA,Clapper Rail
CLSW,Cliff Swallow
CLTE,California Least Tern
CMWA,Cape May Warbler
COCA,Common Canary
COCH,Common Chaffinch
COEI,Common Eider
COFL,Cordilleran Flycatcher
COGA,Common Gallinule
COGD,Common Ground-Dove
COGO,Common Goldeneye
COGR,Common Grackle
COHA,Cooper's Hawk
COHU,Costa's Hummingbird
COKI,Couch's Kingbird
COLK,Collared Kingfisher
COLO,Common Loon
COLW,Colima Warbler
COME,Common Merganser
COMP,Common Peafowl
COMU,Common Murre
COMW,Common Waxbill
COMY,Common Myna
CONI,Common Nighthawk
CONW,Connecticut Warbler
COPA,Common Pauraque
COPE,Cook's Petrel
COPO,Common Poorwill
CORA,Common Raven
CORE,Common Redpoll
CORO,Common Rosefinch
COSA,Common Sandpiper
COSH,Cory's Shearwater
COSN,Common Snipe
WIWA,Wilson's Warbler
WIWD,West Indian Whistling-Duck
WIWO,West Indian Woodpecker
WIWR,Winter Wren
WNCR,White-necked Crow
WODU,Wood Duck
ABDU,American Black Duck
ABDX,American Black Duck Dominant X Mallard Hybrid
ABTO,Abert's Towhee
ACCA,Audubon's Crested Caracara
ACFL,Acadian Flycatcher
ACGO,Aleutian Canada Goose
ACHU,Antillean Crested Hummingbird
ACWO,Acorn Woodpecker
ADPE,Adelie Penguin
ADWA,Adelaide's Warbler
AFCD,African Collared-Dove
AFOW,Ashy-faced Owl
AFPE,African Penguin
AFSI,African Silverbill
AGWT,Green-winged Teal
AKEK,Akekee
AKEP,Akepa
AKIK,Akikiki
AKIP,Akiapolaau
AKOH,Akohekohe
ALFL,Alder Flycatcher
ALHU,Allen's Hummingbird
ALOR,Altamira Oriole
ALTE,Aleutian Tern
AMAV,American Avocet
AMBI,American Bittern
AMCO,American Coot
AMCR,American Crow
AMDI,American Dipper
AMFL,American Flamingo
AMGO,American Goldfinch
AMGP,American Golden-Plover
AMKE,American Kestrel
AMMU,Alaska Marbled Murrelet
AMOY,American Oystercatcher
AMPI,American Pipit
AMRE,American Redstart
AMRO,American Robin
AMWI,American Wigeon
AMWO,American Woodcock
ANEU,Antillean Euphonia
ANHI,Anhinga
ANHU,Anna's Hummingbird
ANIA,Anianiau
ANMA,Antillean Mango
ANMU,Ancient Murrelet
ANNI,Antillean Nighthawk
ANPE,Antarctic Petrel
ANTE,Antarctic Tern
APAP,Apapane
APFA,Aplomado Falcon
ARLO,Arctic Loon
ARRW,Arrowhead Warbler
ARTE,Arctic Tern
ARWA,Arctic Warbler
ARWO,Arizona Woodpecker
ASSP,Ashy Storm-Petrel
ATBR,Atlantic Brant
ATFL,Ash-throated Flycatcher
ATPU,Atlantic Puffin
FEHA,Ferruginous Hawk
FEPO,Ferruginous Pygmy-Owl
FFSH,Flesh-footed Shearwater
FGSP,Florida Grasshopper Sparrow
FICR,Fish Crow
FIEL,Fieldfare
FISH,Fiji Shrikebill
FISP,Field Sparrow
FLIN,Flicker Intergrade
FLOW,Flammulated Owl
FLSJ,Florida Scrub-Jay
FOSP,Fox Sparrow
FOTE,Forster's Tern
FRGU,Franklin's Gull
FSSP,Five-striped Sparrow
FTFL,Fork-tailed Flycatcher
FTSP,Fork-tailed Storm-Petrel
FTWA,Fan-tailed Warbler
FUWD,Fulvous Whistling-Duck
GABU,Greater Antillean Bullfinch
GADW,Gadwall
GAEL,Greater Antillean Elaenia
GAGR,Greater Antillean Grackle
GALP,Galapagos Penguin
GAQU,Gambel's Quail
GARG,Garganey
GBAN,Groove-billed Ani
GBBG,Great Black-backed Gull
GBHE,Great Blue Heron
GBMA,Gray-breasted Martin
GBSP,Gray-backed Storm-Petrel
GBTE,Gull-billed Tern
GBWH,Golden-winged x Blue-winged Warbler Hybrid
GCBT,Unidentified Gray-cheeked/Bicknell's Thrush
GCFL,Great Crested Flycatcher
GCKI,Golden-crowned Kinglet
GCRF,Gray-crowned Rosy-Finch
GCSP,Golden-crowned Sparrow
GCTH,Gray-cheeked Thrush
GCWA,Golden-cheeked Warbler
GCYE,Gray-crowned Yellowthroat
GEPE,Gentoo Penguin
GFWO,Golden-fronted Woodpecker
GGOW,Great Gray Owl
GHAL,Gray-headed Albatross
GHCH,Gray-headed Chickadee
GHJU,Gray-headed Junco
GHOW,Great Horned Owl
GIFL,Gilded Flicker
GIWO,Gila Woodpecker
GKIN,Green Kingfisher
GKIS,Great Kiskadee
GLGU,Glaucous Gull
GLIB,Glossy Ibis
GMKI,Guam Micronesian Kingfisher
GNLA,Greater Necklaced Laughingthrush
GOEA,Golden Eagle
GOLW,Golden-crowned Warbler
GOWE,Golden White-eye
GPCH,Greater Prairie-Chicken
GRAJ,Gray Jay
GRAK,Gray Kingbird
BEVI,Bell's Vireo
BEWR,Bewick's Wren
BFAL,Black-footed Albatross
BFBO,Blue-footed Booby
BFGR,Black-faced Grassquit
BGGN,Blue-gray Gnatcatcher
BGNO,Blue-gray Noddy
BGSE,Blue Grouse
BGSG,Blue Greater Snow Goose
BHCO,Brown-headed Cowbird
BHGR,Black-headed Grosbeak
BHGU,Black-headed Gull
BHNU,Brown-headed Nuthatch
BHPA,Black-headed Parakeet
BHVI,Blue-headed Vireo
BIOO,Bishop's Oo
BITH,Bicknell's Thrush
BLAG,Black-tailed Godwit
BLBR,Black Brant
BLBU,Blue Bunting
BLBW,Blackburnian Warbler
BLDR,Black Drongo
BLGO,Blue Goose
BLGR,Blue Grosbeak
BLGU,Black Guillemot
BLJA,Blue Jay
BLKI,Black-legged Kittiwake
BLNO,Black Noddy
BLOY,Black Oystercatcher
BLPE,Blue Petrel
BLPH,Black Phoebe
BLPW,Blackpoll Warbler
BLRA,Black Rail
BLRF,Black Rosy-Finch
BLSC,Black Scoter
BLSK,Black Skimmer
BLSP,Black Storm-Petrel
BLSW,Black Swift
BLTE,Black Tern
BLTU,Black Turnstone
BLUE,Bluethroat
BLUH,Blue-throated Hummingbird
BLVU,Black Vulture
BNOW,Barn Owl
BNST,Black-necked Stilt
BNTE,Black-naped Tern
BOBO,Bobolink
BOCH,Boreal Chickadee
BOGU,Bonaparte's Gull
BOOW,Boreal Owl
BOPE,Bonin Petrel
BOSP,Botteri's Sparrow
BOWA,Bohemian Waxwing
BRAC,Brandt's Cormorant
BRAM,Brambling
BRBL,Brewer's Blackbird
BRBO,Brown Booby
BRCR,Brown Creeper
BRJA,Brown Jay
BRMA,Bronze Mannikin
BRNG,Barnacle Goose
BRNO,Brown Noddy
BROC,Bronzed Cowbird
BRPE,Brown Pelican
BRQD,Bridled Quail-Dove
BRSH,Brown Shrike
HIMY,Hill Myna
HIOR,Hispaniolan Oriole
HIPE,Hispaniolan Pewee
HISP,Hispaniolan Spindalis
HOFI,House Finch
HOGR,Horned Grebe
HOLA,Horned Lark
HOME,Hooded Merganser
HOOR,Hooded Oriole
HOPU,Horned Puffin
HORE,Hoary Redpoll
HOSP,House Sparrow
HOWA,Hooded Warbler
HOWR,House Wren
HPKT,Hispaniolan Parakeet
HPRT,Hispaniolan Parrot
HRLH,Harlan's Hawk
HRSH,Harris's Hawk
HUGO,Hudsonian Godwit
HUPE,Humboldt Penguin
HUVI,Hutton's Vireo
HWAM,Hwamei
HWHA,Hawaiian Hawk
HYAL,Hybrid Albatross
HYBL,Hybrid Western/Mountain Bluebird
HYCH,Hybrid Chickadee
HYGU,Hybrid Gull
HYHU,Hybrid Hummingbird
HYNO,Hybrid Nonpasserine
HYPA,Hybrid Passerine
HYSA,Hybrid Sapsucker
HYSK,Hybrid Skua
HYTE,Hybrid Tern
HYTO,Hybrid Towhee
HYWA,Hybrid Warbler
IBWO,Ivory-billed Woodpecker
ICGU,Iceland Gull
ICTO,Inyo California Towhee
IIWI,Iiwi
ILBH,Indigo X Lazuli Bunting Hybrid
ILTE,Interior Least Tern
INBU,Indigo Bunting
INDO,Inca Dove
IPSP,Ipswich Sparrow
ISSJ,Island Scrub-Jay
IVGU,Ivory Gull
JABW,Japanese Bush-Warbler
JACR,Jamaican Crow
JAEL,Jamaican Elaenia
JAEU,Jamaican Euphonia
JAMA,Jamaican Mango
JAMS,Jamaican Spindalis
JAOR,Jamaican Oriole
JAPE,Jamaican Pewee
JATO,Jamaican Tody
JAVI,Jamaican Vireo
JAVS,Java Sparrow
JAWE,Japanese White-eye
JFPE,Juan Fernandez Petrel
JUMY,Jungle Myna
RODO,Rock Dove
ROGO,Ross's Goose
KAEL,Kauai Elepaio
KAKA,Kakawahie
KAMA,Kamao
KAOO,Kauai Oo
KEPE,Kerguelen Petrel
KETE,Kerguelen Tern
KEWA,Kentucky Warbler
KIEI,King Eider
KILL,Killdeer
KIMU,Kittlitz's Murrelet
KIPE,King Penguin
KIRA,King Rail
KIWA,Kirtland's Warbler
KWQD,Key West Quail-Dove
LAAL,Laysan Albatross
LADU,Laysan Duck
LAFI,Laysan Finch
LAGO,Lawrence's Goldfinch
LAGU,Laughing Gull
LALO,Lapland Longspur
LANW,Lanceolated Warbler
LAPE,Lesser Antillean Pewee
LARB,Lark Bunting
LASP,Lark Sparrow
LAVW,Lavender Waxbill
LAWA,Lawrence's Warbler
LAZB,Lazuli Bunting
LBBG,Lesser Black-backed Gull
LBCU,Long-billed Curlew
LBDO,Long-billed Dowitcher
LBHE,Little Blue Heron
LBMU,Long-billed Murrelet
LBSP,Large-billed Sparrow
LBTH,Long-billed Thrasher
LBVI,Least Bell's Vireo
LBWO,Ladder-backed Woodpecker
LCGO,Large Canada Goose
LCSP,Le Conte's Sparrow
LCTH,Le Conte's Thrasher
LEAU,Least Auklet
LEBI,Least Bittern
LEFL,Least Flycatcher
LEFR,Lesser Frigatebird
LEGO,Lesser Goldfinch
LEGP,Lesser Golden-Plover
LEGR,Least Grebe
LENI,Lesser Nighthawk
LEOW,Long-eared Owl
LESA,Least Sandpiper
LESB,Lesser Antillean Bullfinch
LESC,Lesser Scaup
LESF,Lesser Antillean Flycatcher
LESH,Lesser Sheathbill
LETE,Least Tern
LEWO,Lewis's Woodpecker
LEYE,Lesser Yellowlegs
LHSP,Leach's Storm-Petrel
LIBU,Little Bunting
LIGU,Little Gull
LIMP,Limpkin
COTE,Common Tern
COYE,Common Yellowthroat
CPOC,Common Pochard
CRAU,Crested Auklet
CRCA,Crested Caracara
CRMU,Craveri's Murrelet
CRMY,Crested Myna
CRPL,Common Ringed Plover
CRTE,Crested Tern
CRTH,Crissal Thrasher
CSOW,California Spotted Owl
CSSS,Cape Sable Seaside Sparrow
CSWA,Chestnut-sided Warbler
CUGR,Cuban Grassquit
CUOR,Cuban Oriole
CUPE,Cuban Pewee
CUSA,Curlew Sandpiper
CWWI,Chuck-will's-widow
DCCO,Double-crested Cormorant
DCFL,Dusky-capped Flycatcher
DICK,Dickcissel
DOPR,Dove Prion
DOVE,Dovekie
DOWO,Downy Woodpecker
DSFL,Dark-sided Flycatcher
DSSP,Dusky Seaside Sparrow
DUFL,Dusky Flycatcher
DUNL,Dunlin
DUTH,Dusky Thrush
DUWA,Dusky Warbler
EABL,Eastern Bluebird
EADO,Eared Dove
EAGR,Eared Grebe
EAKI,Eastern Kingbird
EAME,Eastern Meadowlark
EAPH,Eastern Phoebe
EAQU,Eared Quetzal
EASO,Eastern Screech-Owl
EATO,Eastern Towhee
EAWP,Eastern Wood-Pewee
ECDO,Eurasian Collared-Dove
EGWT,European Green-winged Teal
ELOW,Elf Owl
ELTE,Elegant Tern
ELTR,Elegant Trogon
EMGO,Emperor Goose
EMPE,Emperor Penguin
ETSP,Eurasian Tree Sparrow
EUBU,Eurasian Bullfinch
EUDO,Eurasian Dotterel
EUGO,European Goldfinch
EUGP,European Golden-Plover
EUKE,Eurasian Kestrel
EUST,European Starling
EUWI,Eurasian Wigeon
EUWO,Eurasian Woodcock
EVGR,Evening Grosbeak
EWCS,Eastern White-crowned Sparrow
EWPW,Eastern Whip-poor-will
EWWA,Elfin-woods Warbler
EYTH,Eyebrowed Thrush
EYWA,Eastern Yellow Wagtail
FAPE,Fairy Penguin
FAPR,Fairy Prion
FATE,Falcated Teal
FCTA,Flame-colored Tanager
MOPL,Mountain Plover
MOUQ,Mountain Quail
MOWA,Mourning Warbler
MSCR,Mississippi Sandhill Crane
MSOW,Mexican Spotted Owl
MTZQ,Montezuma Quail
MUDU,Muscovy Duck
MUPE,Murphy's Petrel
MUSW,Mute Swan
MWCS,Mountain White-crowned Sparrow
MWPW,Mexican Whip-poor-will
MYWA,Myrtle Warbler
NABO,Nazca Booby
NAWA,Nashville Warbler
NBTY,Northern Beardless-Tyrannulet
NECO,Neotropic Cormorant
NESH,Newell's Shearwater
NESP,Nelson's Sparrow
NGPE,Northern Giant Petrel
NHOW,Northern Hawk Owl
NIFI,Nihoa Finch
NIRW,Nightingale Reed Warbler
NOBO,Northern Bobwhite
NOCA,Northern Cardinal
NOCR,Northwestern Crow
NOFU,Northern Fulmar
NOGA,Northern Gannet
NOGO,Northern Goshawk
NOHA,Northern Harrier
NOJA,Northern Jacana
NOLA,Northern Lapwing
NOMO,Northern Mockingbird
NOPA,Northern Parula
NOPI,Northern Pintail
NOPO,Northern Pygmy-Owl
NOWA,Northern Waterthrush
NOWH,Northern Wheatear
NRWS,Northern Rough-winged Swallow
NSHO,Northern Shoveler
NSHR,Northern Shrike
NSOW,Northern Spotted Owl
NSWO,Northern Saw-whet Owl
NUFL,Nutting's Flycatcher
NUKU,Nukupuu
NUWO,Nuttall's Woodpecker
NWCS,Nuttall's White-crowned Sparrow
OAAL,Oahu Alauahio
OAAM,Oahu Amakihi
OAEL,Oahu Elepaio
OATI,Oak Titmouse
OBNT,Orange-billed Nightingale-Thrush
OBPI,Olive-backed Pipit
OCWA,Orange-crowned Warbler
OFPA,Orange-fronted Parakeet
OHDU,Other Hybrid Duck
OHGO,Other Hybrid Goose
OLIW,Olive-capped Warbler
OLOM,Olomao
OLSP,Olive Sparrow
OLWA,Olive Warbler
OMAO,Omao
ORAN,Orangequit
GRAT,Gray-backed Tern
GRAW,Gray Wagtail
GRBU,Gray Bunting
GRCA,Gray Catbird
GRCO,Great Cormorant
GREA,Greater Akialoa
GREG,Great Egret
GREJ,Green Jay
GREL,Greenish Elaenia
GREM,Green-breasted Mango
GRFL,Gray Flycatcher
GRFR,Great Frigatebird
GRHA,Gray Hawk
GRHE,Green Heron
GRMA,Green Mango
GRPA,Gray Partridge
GRPE,Greater Pewee
GRRO,Greater Roadrunner
GRSC,Greater Scaup
GRSG,Greater Sage Grouse
GRSH,Great Shearwater
GRSK,Great Skua
GRSP,Grasshopper Sparrow
GRVI,Gray Vireo
GRWA,Grace's Warbler
GRYE,Greater Yellowlegs
GSFL,Gray-streaked Flycatcher
GSGO,Greater Snow Goose
GTCA,Green-throated Carib
GTGR,Great-tailed Grackle
GTTA,Gray-tailed Tattler
GTTO,Green-tailed Towhee
GUCO,Guanay Cormorant
GUMU,Guadalupe Murrelet
GUSG,Gunnison Sage-Grouse
GUSW,Guam Swiftlet
GVIO,Green Violetear
GWCS,Gambel's White-crowned Sparrow
GWFG,Greater White-fronted Goose
GWGU,Glaucous-winged Gull
GWHE,Great White Heron
GWWA,Golden-winged Warbler
GYRF,Gyrfalcon
HAAM,Hawaii Amakihi
HACO,Hawaiian Coot
HAEL,Hawaii Elepaio
HAFL,Hammond's Flycatcher
HAGA,Hawaiian Gallinule
HAGO,Hawaiian Goose
HAPE,Hawaiian Petrel
HARD,Harlequin Duck
HASP,Harris's Sparrow
HAST,Hawaiian Stilt
HAWD,Hawaiian Duck
HAWF,Hawfinch
HAWO,Hairy Woodpecker
HBKI,Hook-billed Kite
HCRE,Hawaii Creeper
HCRO,Hawaiian Crow
HCRT,Common Tern X Roseate Tern Hybrid
HEEG,Heermann's Gull
HERG,Herring Gull
HESP,Henslow's Sparrow
HETA,Hepatic Tanager
HETH,Hermit Thrush
HEWA,Hermit Warbler
PSSH,Puerto Rican Sharp-shinned Hawk
PSWS,Puget Sound White-crowned Sparrow
PTSN,Pin-tailed Snipe
PTWH,Pin-tailed Whydah
PUAI,Puaiohi
PUEB,Puerto Rican Bullfinch
PUFI,Purple Finch
PUGA,Purple Gallinule
PUMA,Purple Martin
PUSA,Purple Sandpiper
PUSW,Purple Swamphen
PYNU,Pygmy Nuthatch
PYRR,Pyrrhuloxia
RAZO,Razorbill
RBGR,Rose-breasted Grosbeak
RBGU,Ring-billed Gull
RBLE,Red-billed Leiothrix
RBME,Red-breasted Merganser
RBNU,Red-breasted Nuthatch
RBPI,Red-billed Pigeon
RBRO,Rufous-backed Robin
RBSA,Red-breasted Sapsucker
RBTR,Red-billed Tropicbird
RBWO,Red-bellied Woodpecker
RCCA,Red-crested Cardinal
RCCO,Red-cheeked Cordonbleu
RCKI,Ruby-crowned Kinglet
RCPA,Red-crowned Parrot
RCSP,Rufous-crowned Sparrow
RCWA,Rufous-capped Warbler
RCWO,Red-cockaded Woodpecker
REAV,Red Avadavat
REBI,Red Bishop
REBU,Reed Bunting
RECR,Red Crossbill
REDH,Redhead
REDW,Redwing
REEG,Reddish Egret
REKN,Red Knot
REPH,Red Phalarope
RESI,Red Siskin
REVI,Red-eyed Vireo
RFBL,Red-flanked Bluetail
RFBO,Red-footed Booby
RFCO,Red-faced Cormorant
RFWA,Red-faced Warbler
RHAU,Rhinoceros Auklet
RHWO,Red-headed Woodpecker
RIKI,Ringed Kingfisher
RIRA,Ridgway's Rail
RLHA,Rough-legged Hawk
RLKI,Red-legged Kittiwake
RLTH,Red-legged Thrush
RNDU,Ring-necked Duck
RNGR,Red-necked Grebe
RNPH,Red-necked Phalarope
RNSA,Red-naped Sapsucker
RNST,Red-necked Stint
ROAL,Royal Albatross
ROCP,Rockhopper Penguin
ZSHY,Zonotrichia Sparrow Hybrid
ZTHA,Zone-tailed Hawk
ROGU,Ross's Gull
ROHA,Roadside Hawk
ROPT,Rock Ptarmigan
ROSA,Rock Sandpiper
ROSP,Roseate Spoonbill
ROST,Roseate Tern
ROWE,Rota White-eye
ROWR,Rock Wren
ROYP,Royal Penguin
ROYT,Royal Tern
RPHE,Ring-necked Pheasant
RRKN,Rufa Red Knot
RSFL,Red-shafted Flicker
RSHA,Red-shouldered Hawk
RTBE,Rose-throated Becard
RTHA,Red-tailed Hawk
RTHU,Ruby-throated Hummingbird
RTLO,Red-throated Loon
RTPI,Red-throated Pipit
RTSO,Rufous-throated Solitaire
RTTR,Red-tailed Tropicbird
RUBL,Rusty Blackbird
RUBU,Rustic Bunting
RUDU,Ruddy Duck
RUFA,Rufous Fantail
RUFF,Ruff
RUFH,Rufous-tailed Hummingbird
RUFS,Rufous-collared Sparrow
RUGD,Ruddy Ground-Dove
RUGR,Ruffed Grouse
RUHU,Rufous Hummingbird
RUQD,Ruddy Quail-Dove
RUTU,Ruddy Turnstone
RVBU,Red-vented Bulbul
RWBL,Red-winged Blackbird
RWBU,Red-whiskered Bulbul
RWSP,Rufous-winged Sparrow
SACR,Sandhill Crane
SAFI,Saffron Finch
SAFL,Sad Flycatcher
SAGU,Sabine's Gull
SALS,Saltmarsh Sparrow
SAND,Sanderling
SAPH,Say's Phoebe
SAST,Samoan Starling
SATE,Sandwich Tern
SATH,Sage Thrasher
SAVS,Savannah Sparrow
SBAN,Smooth-billed Ani
SBBG,Southern Black-backed Gull
SBDO,Short-billed Dowitcher
SBFL,Sulphur-bellied Flycatcher
SBGI,Snow X Blue Goose Intergrade
SBGU,Slaty-backed Gull
SBMU,Scaly-breasted Munia
SBOH,Spotted X Barred Owl Hybrid
SBSP,Sagebrush Sparrow
SCBS,San Clemente Bell's Sparrow
SCGO,Small Canada Goose
SCIB,Scarlet Ibis
LISH,Little Shearwater
LISP,Lincoln's Sparrow
LITE,Little Tern
LMSA,Light-mantled Albatross
LOKI,Loggerhead Kingbird
LOSH,Loggerhead Shrike
LOWA,Louisiana Waterthrush
LPCH,Lesser Prairie-Chicken
LRSP,Lesser Sand-Plover
LSFL,La Sagra's Flycatcher
LSGO,Lesser Snow Goose
LTCU,Long-tailed Cuckoo
LTDU,Long-tailed Duck
LTJA,Long-tailed Jaeger
LTSP,Least Storm-Petrel
LTST,Long-toed Stint
LUHU,Lucifer Hummingbird
LUWA,Lucy's Warbler
LWFG,Lesser White-fronted Goose
MAAL,Maui Alauahio
MABO,Masked Booby
MACP,Macaroni Penguin
MACU,Mangrove Cuckoo
MADU,Masked Duck
MAFD,Mariana Fruit Dove
MAFR,Magnificent Frigatebird
MAGO,Marbled Godwit
MAGP,Magellanic Penguin
MAGU,Magellan Gull
MAHU,Magnificent Hummingbird
MALL,Mallard
MALX,Mallard Dominant X American Black Duck Hybrid
MAMU,Marbled Murrelet
MAPA,Maui Parrotbill
MARC,Mariana Crow
MASA,Marsh Sandpiper
MASH,Manx Shearwater
MASW,Mariana Swiftlet
MAWA,Magnolia Warbler
MAWR,Marsh Wren
MBDH,Mallard X American Black Duck Hybrid
MBDX,Mallard X American Black Duck Intermediate
MCFD,Many-colored Fruit Dove
MCLO,McCown's Longspur
MCMO,Mariana Common Moorhen
MECH,Mexican Chickadee
MEDU,Mexican Duck
MEGU,Mew Gull
MEJA,Mexican Jay
MERL,Merlin
MGWA,MacGillivray's Warbler
MHDH,Mallard X Hawaiian Duck Hybrid
MICK,Micronesian Kingfisher
MIGW,Middendorff's Grasshopper-Warbler
MIHO,Micronesian Honeyeater
MIKI,Mississippi Kite
MILL,Millerbird
MIME,Micronesian Megapode
MIST,Micronesian Starling
MKBU,McKay's Bunting
MOBL,Mountain Bluebird
MOCH,Mountain Chickadee
MODO,Mourning Dove
MODU,Mottled Duck
MOPA,Monk Parakeet
MOPE,Mottled Petrel
STSW,Short-tailed Swift
STTL,Streamertail
SURF,Surfbird
SUSC,Surf Scoter
SUTA,Summer Tanager
SUWA,Sutton's Warbler
SWFL,Southwestern Willow Flycatcher
SWHA,Swainson's Hawk
SWSN,Swinhoe's Snipe
SWSP,Swamp Sparrow
SWTH,Swainson's Thrush
SWWA,Swainson's Warbler
TABG,Taiga Bean-Goose
TACR,Tamaulipas Crow
TAFL,Taiga Flycatcher
TAPE,Tahiti Petrel
TBKI,Thick-billed Kingbird
TBMU,Thick-billed Murre
TBPA,Thick-billed Parrot
TBPR,Thin-billed Prion
TBVI,Thick-billed Vireo
TEWA,Tennessee Warbler
THGU,Thayer's Gull
THWH,Townsend's X Hermit Warbler Hybrid
TIMO,Tinian Monarch
TOSH,Townsend's Shearwater
TOSO,Townsend's Solitaire
TOWA,Townsend's Warbler
TRBL,Tricolored Blackbird
TRES,Tree Swallow
TRFL,Traill's Flycatcher
TRHE,Tricolored Heron
TRKI,Tropical Kingbird
TRMO,Tropical Mockingbird
TRMU,Tricolored Munia
TRPA,Tropical Parula
TRSH,Tropical Shearwater
TRSP,Tristram's Storm-Petrel
TRUS,Trumpeter Swan
TSBL,Tawny-shouldered Blackbird
TUDU,Tufted Duck
TUPU,Tufted Puffin
TUTI,Tufted Titmouse
TUVU,Turkey Vulture
TWFG,Tule White-fronted Goose
UDEJ,Unidentified Dark-eyed Junco
UNCH,Unknown chickadee
UNEM,Unidentified Empidonax
UNGU,Unidentified Gull
UNHU,Unidentified Hummingbird
UNRE,Unidentified Common/Hoary Redpoll
UNTE,Unidentified Teal
UPSA,Upland Sandpiper
URST,Unidentified Rufous-sided Towhee
USSP,Unspecified Sage Sparrow
UYRW,Unknown Yellow-rumped Warbler
VABU,Varied Bunting
VASW,Vaux's Swift
VATH,Varied Thrush
VATI,Varied Tit
VCHU,Violet-crowned Hummingbird
VEER,Veery
ORAW,Orange-cheeked Waxbill
ORGR,Oriental Greenfinch
ORJU,Oregon Junco
OROR,Orchard Oriole
OSFL,Olive-sided Flycatcher
OSPR,Osprey
OU,Ou
OVEN,Ovenbird
OWPA,Orange-winged Parrot
PAAU,Parakeet Auklet
PABU,Painted Bunting
PAGP,Pacific Golden-Plover
PAJA,Parasitic Jaeger
PALB,Pallas's Bunting
PALI,Palila
PALO,Pacific Loon
PAPI,Pacific Pigeon
PARE,Painted Redstart
PAWR,Pacific Wren
PBGR,Pied-billed Grebe
PBWH,Puerto Rican Broad-winged Hawk
PCFD,Purple-capped Fruit Dove
PCST,Plain-capped Starthroat
PECO,Pelagic Cormorant
PEFA,Peregrine Falcon
PEPI,Pechora Pipit
PESA,Pectoral Sandpiper
PETH,Pearly-eyed Thrasher
PFGO,Pink-footed Goose
PFSH,Pink-footed Shearwater
PHAI,Phainopepla
PHPE,Phoenix Petrel
PHTD,Philippine Turtle-Dove
PHVI,Philadelphia Vireo
PIGR,Pine Grosbeak
PIGU,Pigeon Guillemot
PIJA,Pinyon Jay
PIPL,Piping Plover
PISI,Pine Siskin
PIWA,Pine Warbler
PIWO,Pileated Woodpecker
PLCH,Plain Chachalaca
PLPI,Plain Pigeon
PLTI,Plain Titmouse
PLVI,Plumbeous Vireo
POJA,Pomarine Jaeger
POST,Polynesian Starling
POUL,Poo-uli
PRAW,Prairie Warbler
PREM,Puerto Rican Emerald
PRFA,Prairie Falcon
PRFL,Puerto Rican Flycatcher
PRHE,Pacific Reef Heron
PRLC,Puerto Rican Lizard-Cuckoo
PRNI,Puerto Rican Nightjar
PROR,Puerto Rican Oriole
PROW,Prothonotary Warbler
PRPA,Puerto Rican Parrot
PRPP,Puerto Rican Plain Pigeon
PRSO,Puerto Rican Screech-Owl
