region,siteID
DC,WILDANNVA1
DC,WILDANNVA2
Springfield,WILDSIEMA1
Pittsburgh,WILEBRAPA1
Atlanta,WILEKATGA1
DC,WILELINMD1
Pittsburgh,WILKAMYPA1
Raleigh,WILLAMBNC1
Raleigh,WILLCAINC1
DC,WILLCYNVA1
DC,WILLHOLMD1
Gainesville,WILLJIMFL1
Springfield,WILLJUDMA1
Atlanta,WILLMARGA1
DC,WILLMARVA1
Gainesville,WILLNAHFL1
DC,WILLRAJMD1
DC,WILLSHAMD1
DC,WILLTERMD1
DC,WILLTINVA1
Springfield,WILSMARMA1
Colorado,WILTALLCO1
DC,WINGJERMD1
Atlanta,WINSEMIGA1
Pittsburgh,WINSRAYPA1
Gainesville,WINTCHAFL1
Springfield,WIRZCARMA1
DC,WISECELMD1
Pittsburgh,WISSDAMPA1
Atlanta,WISSSTEGA1
Colorado,WOHLKENCO1
Pittsburgh,WOHLLYNPA1
DC,WOLFAMYDC1
DC,WOLFKARDC1
Raleigh,WOLFMARNC1
Pittsburgh,WOLFMELPA1
DC,WOODELEVA1
DC,WOODLESMD1
Atlanta,WOODLPKGA1
Atlanta,WOODMIDGA1
DC,WOODPAUVA1
DC,WOODROWVA1
Springfield,WOODSANMA1
Raleigh,WOUKKARNC1
DC,WRIGNOAMD1
DC,WRIGVENMD1
Pittsburgh,YEANDAVPA1
Pittsburgh,YMCAHOMPA1
Pittsburgh,YODELAUPA1
Gainesville,YOPPINCFL1
DC,YOUNELIMD1
DC,YOUNKIMVA1
Springfield,YOUNLINMA1
DC,ZAMBTRAMD1
Atlanta,ZARYPEGGA1
DC,ZASTMARMD1
DC,ZEMKSYDVA1
DC,ZENKBOBMD1
Springfield,ZEPHPATMA1
Springfield,ZEPKJANMA1
Springfield,ZIMMBOBMA1
Springfield,ZINNMARMA1
DC,RAUNERIMD2
Pittsburgh,RAVECATPA1
DC,RAYTIMMD1
DC,RCPCG1DC1
DC,RCPDP1DC1
DC,RCPHC1DC1
DC,RCPHC2DC1
DC,RCPKM1DC1
DC,RCPNC1DC1
DC,RCPPH1DC1
DC,RCPPH2DC1
DC,RCPPH3DC1
DC,RCPPM1DC1
DC,RCPPM2DC1
DC,RCPRR1DC1
DC,RCPRS1DC1
DC,RCPSMBCDC1
DC,RCSVPARMD1
DC,REEDJENMD1
Springfield,REIDLOLMA1
DC,REIKROBMD1
DC,REILJENMD1
Colorado,REIMAMBCO1
DC,REIRJEAMD1
DC,REITBOBMD1
Pittsburgh,RESIMARPA1
DC,REUTSHAMD1
DC,RICEBOBMD1
Pittsburgh,RICEMICPA1
Springfield,RICHALMA1
Atlanta,RICHLAUGA1
DC,RICHLIBMD1
Atlanta,RICHMSGA1
DC,RIDGHEIDC1
Pittsburgh,RIGAMARPA1
Springfield,RINADAVMA1
Atlanta,RIVEPATGA1
Atlanta,RIVEPATGA2
DC,ROBEKRIDC1
Raleigh,ROBELINNC1
Springfield,ROBIBEAMA1
Gainesville,ROBIRONFL1
Gainesville,ROBISCOFL1
Springfield,ROCHJPMA1
Pittsburgh,ROCKJESPA1
DC,ROCKPALMD1
Springfield,ROGEANDMA1
DC,ROGHTESMD1
DC,ROHRSALMD1
Springfield,ROMANICMA1
Pittsburgh,ROMESUZPA1
DC,ROSAPESMD1
Springfield,ROSEJOSMA1
Raleigh,ROSETRANC1
Springfield,ROSNEDWMA1
DC,ROTHPAUVA1
DC,ROTTJEAMD1
Raleigh,RUDDLINNC1
DC,RUSHCLAMD1
Atlanta,RUSHSTEGA1
DC,RUSSJODMD1
DC,RUTTJORMD1
Pittsburgh,RYANCATPA1
Springfield,RYANJOSMA1
Colorado,RYANKATCO1
Springfield,RYBAELAMA1
Atlanta,RYLAJANGA1
Pittsburgh,SABLKARPA1
Pittsburgh,SACHLARPA1
Pittsburgh,SADLCHRPA1
Pittsburgh,SAHNRAMPA1
DC,SALAJENMD1
DC,SALALISMD1
Raleigh,SALITYLNC1
DC,SALOSHEMD1
DC,SANFCARMD1
Raleigh,SANFTIFNC1
Atlanta,SAPPBILGA1
DC,SARGMARMD1
Atlanta,SARUANJGA1
Pittsburgh,SAVALETPA1
Pittsburgh,SAXTCHRPA1
DC,SCALMARVA1
DC,SCHILYDMD1
DC,SCHIMARMD1
Pittsburgh,SCHLJOYPA1
DC,SCHLROBMD1
Pittsburgh,SCHNLAUPA1
Springfield,SCHOGREMA1
DC,SCHOPAUMD1
Colorado,SCHRCATCO1
DC,SCHUDONMD1
DC,SCHUJENMD1
Springfield,SCIBLINMA1
DC,SCOLWENMD1
DC,SEMMLUTMD1
Raleigh,SENZIRINC1
DC,SERCGUEMD1
Pittsburgh,SEVEMARPA1
DC,SEWADIAMD1
Gainesville,SHAHMAUFL1
Pittsburgh,SHAIKAIPA1
DC,SHANEDWMD1
Colorado,SHARAMACO1
DC,SHAYSARMD1
Springfield,SHEAMARMA1
DC,SHEEMARMD1
Springfield,SHEPLYNMA1
Springfield,SHERALEMA1
Atlanta,SHERNYLGA1
DC,SILLSCOMD1
Gainesville,SILVCELFL1
DC,SIMMJOAVA1
DC,SIMOROSVA1
Raleigh,SIMPEDWNC1
DC,SINGDADMD1
DC,SINGTONMD1
DC,SINGVIRDC1
DC,SINGVIRMD1
Springfield,SINIKRIMA1
DC,SIZOOPKDC1
Raleigh,SKRALOUNC1
DC,SLIGOPKMD1
Springfield,SLONJOHMA1
Springfield,SLONSUSMA1
DC,SMITHCADC1
DC,SMITJRMD1
DC,SMITMARMD1
Atlanta,SMOKELEGA1
DC,SOLIAPRMD1
DC,SOLLCHRMD1
Pittsburgh,SOLOJACPA1
Raleigh,SORECLYNC1
Raleigh,SPEAMARNC1
Raleigh,SPEAMARNC2
DC,SPETMARMD1
DC,SPEYPAUMD1
Springfield,SPLAMARMA1
Springfield,SPLAMARMA2
Pittsburgh,SPRIHILPA1
Springfield,SPRINBGMA1
DC,SPRINPKMD1
Springfield,SPRINRSMA1
Pittsburgh,STACTIMPA1
Pittsburgh,STALJUDPA1
DC,STANJEFMD1
DC,STAVKORMD1
Pittsburgh,STEIJANPA1
Springfield,STEMMSMA1
Gainesville,STEPGREFL1
Springfield,STEPJANMA1
Atlanta,STEPMARGA1
Pittsburgh,STERKATPA1
Springfield,STEVSADMA1
DC,STEWBETMD1
Springfield,STIEDAVMA1
Atlanta,STOKNITGA1
DC,STONKERMD1
Pittsburgh,STORLISPA1
DC,STORPATMD1
Atlanta,STRAELEGA1
Gainesville,STRARICFL1
DC,STUECHRVA1
DC,STUECHRVA2
DC,STURCARMD1
Gainesville,SUARERIFL1
DC,SUBRSTEMD1
DC,SUITKATMD1
Colorado,SULLLORCO1
DC,SULLPAUVA1
Springfield,SURNSANMA1
Springfield,SURNSCOMA1
Springfield,SVECSTEMA1
Atlanta,SWALDAWGA1
DC,SWANELIMD1
Pittsburgh,TABACARPA1
Pittsburgh,TABARENPA1
Atlanta,TALEKELGA1
Springfield,TAMBJUDMA1
DC,TANGLAUDC1
DC,TATEJUAMD1
DC,TAUBKAYMD1
DC,TAYLGLOMD1
Raleigh,TAYLJERNC1
DC,TAYLOESVA1
Pittsburgh,TEAMKARPA1
Springfield,THERLARMA1
DC,THOMBARMD1
DC,THOMCARMD1
Pittsburgh,THOMDEBPA1
DC,THOMMARDC1
Pittsburgh,THOMMARPA1
DC,THOMSUEMD1
Atlanta,TIDMLOUGA1
DC,TINIKATMD1
Springfield,TOSCPAMMA1
Atlanta,TOTHCARGA1
Springfield,TOUCWENMA1
DC,TOWNJOADC1
Atlanta,TRACBRIGA1
DC,TRAUPATVA1
DC,TRAUPATVA2
Colorado,TREVDENCO1
DC,TUFTKATMD1
DC,TUNICATMD1
DC,UNGELAUDC1
Springfield,UPACAMSMA1
DC,URBABETMD1
Springfield,VALLMEGMA1
Springfield,VARLKARMA1
Pittsburgh,VASAJODPA1
Springfield,VEARRICMA1
DC,VERSBETMD1
DC,VERSBETMD2
Springfield,VERSMATMA1
Pittsburgh,VIDAREBPA1
Pittsburgh,VIDIJULPA1
DC,VONGJENMD1
Gainesville,VONMGREFL1
DC,VOSSCOLVA1
Pittsburgh,WALDSCHPA1
Pittsburgh,WALKJOEPA1
Pittsburgh,WALKJOEPA2
DC,WALKPATVA1
Raleigh,WALNCRENC1
Springfield,WALSMELMA1
Raleigh,WALTANNNC1
DC,WALTBONMD1
Raleigh,WANGMATNC1
DC,WAPLEESVA1
DC,WARDDOUVA1
DC,WARNJIMDC1
Springfield,WARRPAIMA1
Gainesville,WATSJOSFL1
DC,WATSPATDC1
DC,WATSTERMD1
Gainesville,WEBBTOMFL1
Springfield,WEBERCAMA1
Pittsburgh,WEINANIPA1
Pittsburgh,WEISDONPA1
Gainesville,WELLBREFL1
DC,WELLCARMD1
Springfield,WESCCATMA1
DC,WESTNANMD1
DC,WHEATESMD1
DC,WHEATPKMD1
Raleigh,WHEEJENNC1
Springfield,WHELGWEMA1
DC,WHITLAUDC1
Gainesville,WHITLIZFL1
Atlanta,WICHJOHGA1
Pittsburgh,WIDESTAPA1
DC,WIEBFRAMD1
DC,WIKACORMD1
Gainesville,AAROJESFL1
Colorado,ABBOTOMCO1
DC,ADAMELEVA1
Gainesville,ADAMVICFL1
DC,AHMAFATDC1
Atlanta,AINSKYLGA1
DC,AIPAVJMD1
Springfield,AKREMICMA1
Springfield,AKREMICMA2
Pittsburgh,ALBEJOAPA1
Pittsburgh,ALCACHLPA1
Atlanta,ALCOKENGA1
Pittsburgh,ALEXROBPA1
Atlanta,ALLERILGA1
DC,ALPEPHIMD1
Pittsburgh,AMANDRUPA1
DC,AMERICOMD1
Springfield,AMESBURMA1
DC,ANACMUSDC1
Pittsburgh,ANDEBRUPA1
Springfield,ANDEHALMA1
Colorado,ANDEMARCO1
DC,ANDEMIKMD1
Atlanta,ANDEREBGA1
Gainesville,ANDRJENFL1
DC,ANDRKENVA1
DC,ANGEPARVA1
Atlanta,ARABMOUGA1
Springfield,ARCADIAMA1
Raleigh,ARGEGIONC1
Atlanta,ARGYLESGA1
DC,ARLINESVA1
Pittsburgh,ARNDKARPA1
DC,ASSMCARMD1
Atlanta,ASTOLAUGA1
Springfield,ATHEJIMMA1
Springfield,ATHEJIMMA2
Raleigh,AUSTCLANC1
Pittsburgh,AZARCARPA1
DC,BABCSTEDC1
Raleigh,BACHMARNC1
Pittsburgh,BAERMIKPA1
DC,BAILEESVA1
Raleigh,BAILPATNC1
DC,BAINANDMD1
Atlanta,BAKEBONGA1
DC,BAKEKYLDC1
Springfield,BAKENANMA1
DC,BALAELEMD1
DC,BALASUCMD1
Pittsburgh,BALDARTPA1
DC,BANCRESDC1
Gainesville,BANDCATFL1
DC,BANDKENVA1
DC,BARBJERMD1
Springfield,BARDBARMA1
Colorado,BARNCYNCO1
DC,BARNDORMD1
Springfield,BARSTINMA1
Pittsburgh,BARTTARPA1
DC,BAUGSHEVA1
DC,BEALTOMMD1
Atlanta,BEARJUSGA1
Raleigh,BEARKARNC1
Pittsburgh,BECIBARPA1
DC,BECKSUSVA1
Raleigh,BEEGERLNC1
Springfield,BELMMELMA1
Atlanta,BELMNIKGA1
DC,BENADEBMD1
Springfield,BENNBILMA1
DC,BENSKATVA1
Pittsburgh,BERASHEPA1
Pittsburgh,BERGANDPA1
DC,BERGMICMD1
DC,BERNCHRMD1
Colorado,BERNDIACO1
Pittsburgh,BERNJUNPA1
Pittsburgh,BERNKENPA1
Springfield,BESWMICMA1
Pittsburgh,BEVIPETPA1
Springfield,BGCACORNMA1
Colorado,BIKEPARCO1
DC,BILLPAIDC1
Atlanta,BINKJAMGA1
Pittsburgh,BIREROYPA1
DC,BLADENSDC1
DC,BLADMAUMD1
DC,BLANBETMD1
Gainesville,BLAUVICFL1
Springfield,BLECLANMA1
DC,BLOCDAVMD1
Springfield,BLONDAVMA1
Gainesville,BLOOLEEFL1
Atlanta,BLUEHPKGA1
Raleigh,BOBAMICNC1
Springfield,BODKANNMA1
Pittsburgh,BODNGEOPA1
Colorado,BOHLGEOCO1
Atlanta,BONNPATGA1
DC,BOOKJUDVA1
DC,BOONGREMD1
DC,BOONGREMD2
Pittsburgh,BOREJOYPA1
Pittsburgh,BOREJOYPA2
DC,BORGRACMD1
Pittsburgh,BOSAJOEPA1
DC,BOSCJOEDC1
Raleigh,BOTHVERNC1
Springfield,BOUDLYNMA1
Gainesville,BOUGROBFL1
Springfield,BOWEJOHMA1
Springfield,BOYLCOLMA1
Pittsburgh,BOZESARPA1
Atlanta,BRADVALGA1
Atlanta,BRAXBOBGA1
Gainesville,BREMSARFL1
DC,BRENSTEMD1
DC,BRENTESDC1
Springfield,BRIDNATMA1
DC,BRIGKIMMD1
DC,BRIGPAUMD1
Raleigh,BROANANNC1
Springfield,BRODDORMA1
Springfield,BROOBOBMA1
DC,BROOKSIMD1
DC,BROWANNDC1
DC,BROWANNMD1
DC,BRUEELIMD1
Pittsburgh,BRUNKIMPA1
Gainesville,BRYAANGFL1
DC,BUCHELIDC1
DC,BUCKLMSMD1
Raleigh,BUDNNORNC1
DC,BUFFJESMD1
DC,BUISNORVA1
Springfield,BULLTHOMA1
DC,BURDROBVA1
Springfield,BURGMARMA1
Raleigh,BURGRENNC1
DC,BURKSANMD1
Raleigh,BURNDENNC1
Atlanta,BURNEESGA1
DC,BURNNANMD1
Springfield,BURNNIKMA1
DC,BURRANDMD1
DC,BURRANDMD2
DC,BUSHLYNMD1
Pittsburgh,BYERHEAPA1
DC,CAHAGABMD1
DC,CAINBRIMD1
Springfield,CALLEVEMA1
DC,CALLJERMD1
Springfield,CALVCARMA1
DC,CAMBDJMD1
DC,CAMEPARVA1
Gainesville,CAMPGINFL1
DC,CAMPGLOMD1
DC,CAMPLIBMD1
Gainesville,CAMPPAUFL1
DC,CAMPROSMD1
Raleigh,CAMPSUSNC1
Springfield,CANCYOLMA1
Springfield,CANNANNMA1
DC,CANTBOBMD1
DC,CAPITCSDC1
Gainesville,CARLDAVFL1
DC,CARLSHIMD1
Colorado,CARRPAGCO1
Gainesville,CARRVIRFL1
Atlanta,CARTJOYGA1
Pittsburgh,CASACORPA1
Gainesville,CASEANNFL1
Pittsburgh,CASESUEPA1
Springfield,CASEWENMA1
Atlanta,CASSKATGA1
Raleigh,CASTTOMNC1
DC,CAUSSUSMD1
Atlanta,CHALMICGA1
DC,CHAMPARVA1
Atlanta,CHAMPAUGA1
Atlanta,CHANSYLGA1
Springfield,CHARANDMA1
Gainesville,CHERNADFL1
Springfield,CHICOBGMA1
Springfield,CHILDPSMA1
Pittsburgh,CHIOKELPA1
DC,CHUAMELMD1
Gainesville,CHURCARFL1
Gainesville,CIBUJEAFL1
Springfield,CLARBRYMA1
DC,CLARCOLDC1
DC,CLARKELMD1
Atlanta,CLAYRUSGA1
Atlanta,CLYDEPKGA1
Pittsburgh,COCHJIMPA1
Gainesville,COCKNICFL1
Gainesville,COCKTERFL1
Springfield,CODYMELMA1
DC,COFFMICMD1
DC,COLALISMD1
Gainesville,COLLCLAFL1
Raleigh,COLLJUDNC1
Gainesville,COLLKEIFL1
DC,COLSKATMD1
Pittsburgh,COLSREBPA1
Pittsburgh,COMAPATPA1
DC,CONAGAIMD1
DC,CONNBARMD1
Raleigh,CONNJOHNC1
DC,CONWJOAMD1
Springfield,CONZBRIMA1
Atlanta,COOKGLOGA1
Atlanta,COOPEMSGA1
Pittsburgh,COPEHAZPA1
Raleigh,CORBAMYNC1
DC,CORCJOEMD1
DC,CORCJOEMD2
DC,CORDLESDC1
Raleigh,COSTHOWNC1
DC,COTTCITMD1
Raleigh,COTTVANNC1
DC,COULMARMD1
Springfield,COURAUDMA1
DC,COURLESDC1
DC,COWLANDMD1
Gainesville,COXANDFL1
Raleigh,CRAIJOSNC1
DC,CRISBRUMD1
DC,CRONCHRVA1
DC,CRONCHRVA2
Gainesville,CROSLEXFL1
Pittsburgh,CROYKATPA1
Pittsburgh,CUNKMARPA1
Pittsburgh,CUSHAMYPA1
Springfield,CUSHTANMA1
DC,CYLBURNMD1
DC,CYMRHELDC1
DC,CYRUALLMD1
Atlanta,CZEBANGGA1
Raleigh,DAGGNATNC1
DC,DALEELIMD1
Pittsburgh,DAMIMARPA1
DC,DANIBARMD1
DC,DANIBARMD2
DC,DANIKATMD1
DC,DAVIALIVA1
Atlanta,DAVICARGA1
Atlanta,DAVIJENGA1
Springfield,DAVIJUDMA1
DC,DAVIKELVA1
Springfield,DAVILAUMA1
DC,DAVILINMD1
DC,DAWSBOBVA1
Gainesville,DAYLAUFL1
Raleigh,DEBRMARNC1
DC,DECHKIMMD1
DC,DECHKIMMD2
Atlanta,DECKJASGA1
Gainesville,DEENSHEFL1
Raleigh,DEGELAUNC1
Colorado,DELMMARCO1
Springfield,DELUBILMA1
DC,DELUBILMD1
DC,DELUKARVA1
DC,DELUKARVA2
DC,DELUKARVA3
Pittsburgh,DEMAMARPA1
Pittsburgh,DEMAPATPA1
DC,DEMBSANMD1
Pittsburgh,DEPHKATPA1
Atlanta,DESIELAGA1
Atlanta,DICKEMMGA1
Pittsburgh,DICKSUSPA1
DC,DIETJANMD1
Pittsburgh,DILLSHIPA1
Atlanta,DIMMDIAGA1
Atlanta,DISALINGA1
DC,DIXOALIMD1
DC,DODGEESMD1
Pittsburgh,DOJOSUEPA1
Pittsburgh,DOMENATPA1
Pittsburgh,DONLEDPA1
DC,DONOLORDC1
DC,DONOLORDC2
Springfield,DOPPJANMA1
DC,DORNROBMD1
Gainesville,DOUGSANFL1
Pittsburgh,DOUTMARPA1
DC,DOVECARVA1
Gainesville,DOWBENFL1
Raleigh,DOWDMIRNC1
Gainesville,DOYLJAMFL1
Springfield,DOYLPHIMA1
DC,DRAKBERMD1
Colorado,DRISMARCO1
Springfield,DROLBARMA1
DC,DUELCREMD1
Gainesville,DUFFSHAFL1
Atlanta,DUKTJOHGA1
Atlanta,DULUADVGA1
DC,DUMBOPKDC1
Raleigh,DURBLAUNC1
Pittsburgh,DWORBARPA1
DC,EARLNANMD1
DC,EBERJACMD1
Pittsburgh,ECKLJULPA1
DC,EDEREDWVA1
DC,EDSALOUVA1
Atlanta,EDWALINGA1
DC,EGANMARMD1
DC,EGGELESVA1
DC,EISESHOMD1
Pittsburgh,ELINEDPA1
Springfield,ELLIBARMA1
Gainesville,ELLIJONFL1
Springfield,EMERSWPMA1
Atlanta,ENDRCINGA1
Gainesville,ENNEBECFL1
Pittsburgh,ENVICHAPA1
DC,ENZIKIRMD1
Springfield,ESPIJUDMA1
DC,EVANMICMD1
DC,EVERJACDC1
Gainesville,EWINSAMFL1
Springfield,FAERHOWMA1
DC,FAGABERMD1
DC,FAGAKELMD1
DC,FAINSANMD1
DC,FAJFSHUVA1
Atlanta,FALKSTEGA1
Pittsburgh,FARRAMYPA1
DC,FARYSIMMD1
Pittsburgh,FECHMARPA1
Atlanta,FEDRMARGA1
Springfield,FEINLISMA1
Pittsburgh,FERKHOLPA1
Atlanta,FERNBANGA1
Raleigh,FERNKARNC1
DC,FERRSUEMD1
DC,FIERCARMD1
Gainesville,FIGUCHAFL1
DC,FINEMAUMD1
DC,FISHFERVA1
Gainesville,FLAGMARFL1
Gainesville,FLAMSCOFL1
Atlanta,FLOWANGGA1
Atlanta,FLOWPATGA1
DC,FOLEMARMD1
DC,FOOSDAVVA1
DC,FORCBREVA1
Springfield,FORDSUSMA1
DC,FORESESMD1
Springfield,FORESPKMA1
DC,FORSDAWMD1
Springfield,FORTJOAMA1
Springfield,FORTMARMA1
Raleigh,FOSTSTENC1
Pittsburgh,FOYLDONPA1
Raleigh,FRANMICNC1
Gainesville,FREEJOHFL1
DC,FREYFREMD1
Colorado,FRITDENCO1
DC,FRONTROVA1
Colorado,FROSKATCO1
DC,FUISLISVA1
DC,FUISLISVA2
Gainesville,FULLPAMFL1
DC,FULLRITMD1
Atlanta,FURRMELGA1
Atlanta,FUTCROBGA1
DC,FUTRIVAVA1
DC,GAETHEAMD1
DC,GAGNSTUMD1
Springfield,GAIEMELMA1
DC,GALETANMD1
Raleigh,GALLLENNC1
DC,GALLMONVA1
DC,GALLSARMD1
DC,GALLTERMD1
Pittsburgh,GALVLIBPA1
Pittsburgh,GALVLIBPA2
DC,GARDVALMD1
DC,GARRJOAVA1
DC,GATELINMD1
DC,GECACARVA1
DC,GEHRDALMD1
DC,GELLNERMD1
Pittsburgh,GERBGIGPA1
Pittsburgh,GERHEUNPA1
Colorado,GERKGINCO1
Colorado,GERSREBCO1
Raleigh,GERWJOHNC1
DC,GERYERIMD1
Pittsburgh,GETZGLEPA1
Atlanta,GHILCOLGA1
Springfield,GIARORCMA1
DC,GIBSELAMD1
DC,GIESALLVA1
Springfield,GILLESMA1
DC,GILLEVAMD1
DC,GIRAANGMD1
Gainesville,GIRLPLAFL1
Springfield,GIRLSINMA1
Atlanta,GITHFRAGA1
Raleigh,GLORPETNC1
DC,GOCHJOAMD1
Raleigh,GOINJANNC1
Springfield,GOLDBETMA1
DC,GOMEKARMD1
Springfield,GOODNANMA1
DC,GORDELIDC1
Atlanta,GORDMARGA1
Colorado,GORNSARCO1
DC,GOROCARDC1
DC,GOUGGREMD1
Gainesville,GOWAGEOFL1
Gainesville,GOWAJOAFL1
Gainesville,GRANIANFL1
Pittsburgh,GRANLINPA1
Springfield,GREERICMA1
Atlanta,GREERITGA1
DC,GRIFBETDC1
Springfield,GRIFRACMA1
DC,GRIFROGMD1
Colorado,GRIMSHACO1
Gainesville,GRINJENFL1
DC,GROSJEAMD1
Springfield,GRUBBECMA1
Pittsburgh,GUARMARPA1
DC,GUIDJOHDC1
Springfield,GUISKATMA1
Pittsburgh,GURTMARPA1
DC,GUYTNIKMD1
DC,HADDMARMD1
Raleigh,HAGACOUNC1
Colorado,HAGGHENCO1
Raleigh,HAHNMARNC1
Springfield,HALALEEMA1
DC,HALLDEBVA1
Gainesville,HALLGRAFL1
Springfield,HALLJENMA1
DC,HAMIMARMD1
Atlanta,HAMINANGA1
DC,HAMMBARMD1
Springfield,HAMMSHIMA1
Pittsburgh,HANDLINPA1
Gainesville,HANLCORFL1
DC,HANNNANMD1
Raleigh,HANSAMYNC1
Raleigh,HARABARNC1
Raleigh,HARPMOLNC1
DC,HARRASHDC1
Atlanta,HARRMARGA1
DC,HARRPHYMD1
Atlanta,HARTDELGA1
DC,HARTPRIMD1
Pittsburgh,HARVJILPA1
Raleigh,HARVSUENC1
DC,HARWRANDC1
Pittsburgh,HASHTAMPA1
Pittsburgh,HATFGREPA1
Pittsburgh,HAUSJIMPA1
Atlanta,HAWKDIAGA1
Pittsburgh,HAWKTERPA1
DC,HAWNJANVA1
Springfield,HAYEROBMA1
DC,HAYFISCVA1
Springfield,HAZZANNMA1
Gainesville,HAZZIANFL1
Atlanta,HEADDOTGA1
Pittsburgh,HEALMOLPA1
DC,HEATSUEVA1
Gainesville,HEINANNFL1
DC,HELFGAIMD1
Springfield,HENDANNMA1
Gainesville,HENJELAFL1
Raleigh,HENRJAYNC1
DC,HERBJOAMD1
Atlanta,HERBMIRGA1
Springfield,HERITAGEMA1
DC,HERNELEVA1
Gainesville,HERRJAYFL1
DC,HESSNATVA1
Colorado,HEWILORCO1
Pittsburgh,HICKBARPA1
Springfield,HIGGBETMA1
Springfield,HIGHELEMA1
Pittsburgh,HIGHRIVPA1
Springfield,HILBLAUMA1
Springfield,HILLSALMA1
DC,HILLTHRVA1
Raleigh,HINTLORNC1
DC,HIRSHHODC1
DC,HITCHBJMD1
Atlanta,HITTJODGA1
DC,HOBBANNMD1
Springfield,HODGBENMA1
Atlanta,HOGAMELGA1
DC,HOLLDEBVA1
Springfield,HOLYOBGMA1
Springfield,HOLYOYMMA1
Pittsburgh,HOOVJASPA1
Pittsburgh,HOPEDONPA1
Pittsburgh,HOPEGREPA1
DC,HOPKBARMD1
Atlanta,HOPKMARGA1
Atlanta,HORNMARGA1
DC,HOROBONVA1
DC,HOROBONVA2
Gainesville,HOSTMARFL1
Colorado,HOUSELICO1
Gainesville,HOUSEPREFL1
Atlanta,HOUSJONGA1
Springfield,HOWAJANMA1
Atlanta,HOYTHARGA1
DC,HUFFCHRVA1
DC,HUFFJANMD1
DC,HULLJEFVA1
DC,HUNTBRIMD1
DC,HUNTDAVMD1
DC,HUNTDAVMD2
Pittsburgh,HUNTVIRPA1
DC,HUTCBARVA1
Colorado,HUTCWAYCO1
Pittsburgh,HYJUMIKPA1
Gainesville,INGRBENFL1
DC,IRVISANMD1
Raleigh,IVESALINC1
DC,JACKALADC1
DC,JACOAMYMD1
DC,JACOMERMD1
Gainesville,JACOSUSFL1
DC,JACOSYDMD1
DC,JAKOELVVA1
Springfield,JAKUJULMA1
Springfield,JAKUSTEMA1
DC,JAMESESVA1
Colorado,JANTCARCO1
Pittsburgh,JEFFMARPA1
Atlanta,JENKANGGA1
Atlanta,JENKANGGA2
Raleigh,JENSKEINC1
Atlanta,JETTMELGA1
DC,JEWELIBMD1
Springfield,JOHAHEAMA1
DC,JOHNAESVA1
Pittsburgh,JOHNJUDPA1
Raleigh,JOHNMIKNC1
Raleigh,JOHNNORNC1
Atlanta,JOHNSCOGA1
DC,JOHNTHEMD1
DC,JONECBRMD1
Atlanta,JONEFAIGA1
Gainesville,JONEHARFL1
Springfield,JONEJULMA1
Springfield,JONEJULMA2
Pittsburgh,JONENICPA1
DC,JONETINMD1
DC,JORABONVA1
Springfield,JORGJANMA1
Pittsburgh,JOSELINPA1
DC,JUBILHODC1
Raleigh,KALIELINC1
DC,KAMILEIVA1
Springfield,KANEBRIMA1
Raleigh,KANEEVANC1
DC,KANESTAMD1
Springfield,KAPLRACMA1
Raleigh,KARALIZNC1
Pittsburgh,KARMALYPA1
Pittsburgh,KARMALYPA2
DC,KAUFLAUMD1
DC,KAUFRAYMD1
DC,KAYEKATDC1
Raleigh,KEATELINC1
Pittsburgh,KELLERIPA1
Springfield,KELLSETMA1
Raleigh,KELSBRENC1
DC,KENILWODC1
Pittsburgh,KENNALAPA1
Gainesville,KENTADAFL1
DC,KESTSABDC1
DC,KEYESUSMD1
Pittsburgh,KILEHAYPA1
Atlanta,KILGJACGA1
DC,KIMBAESDC1
Atlanta,KIMBMARGA1
DC,KINDFARMD1
Springfield,KINGDAVMA1
Springfield,KINGGEOMA1
Pittsburgh,KINGHOPPA1
Colorado,KINGHUGCO1
DC,KINGMANDC1
Atlanta,KIPPVISGA1
Pittsburgh,KIRSCHRPA1
Springfield,KISTSANMA1
Springfield,KLOTBRUMA1
Gainesville,KLUBKARFL1
Raleigh,KNIGKENNC1
DC,KNIGSALVA1
Gainesville,KNOXMIKFL1
Pittsburgh,KOBEDANPA1
Pittsburgh,KOCHDONPA1
Pittsburgh,KOPCTOMPA1
Gainesville,KORNHARFL1
DC,KORRHARMD1
Pittsburgh,KOSAMICPA1
DC,KOSLDREMD1
Atlanta,KOTCMELGA1
DC,KOVASANMD1
Gainesville,KOWAELIFL1
DC,KRAMPAUMD1
Gainesville,KRATANDFL1
Atlanta,KRENMARGA1
Pittsburgh,KRESMARPA1
Atlanta,KRIVMAUGA1
Pittsburgh,KUMASUPPA1
Springfield,LABOPEGMA1
Raleigh,LADYKENNC1
DC,LAFOMELVA1
DC,LAINANTMD1
DC,LAKEAESVA1
DC,LAMBAMYMD1
Springfield,LAMBJANMA1
Gainesville,LAMMLAUFL1
DC,LANDCELVA1
Raleigh,LANETARNC1
DC,LANGANKVA1
Springfield,LANGPETMA1
Atlanta,LANTTOMGA1
Springfield,LAPPHENMA1
Pittsburgh,LARSLIDPA1
Springfield,LATHJANMA1
Pittsburgh,LATTSTEPA1
Gainesville,LAUESARFL1
Springfield,LEARKATMA1
Atlanta,LEEDONGA1
Pittsburgh,LEEJOEPA1
Springfield,LEELINDMA1
Atlanta,LENTTERGA1
Pittsburgh,LEONMICPA1
DC,LEONTESDC1
Springfield,LERMSUSMA1
Springfield,LERMSUSMA2
DC,LERNJEFMD1
Springfield,LEWASUSMA1
Colorado,LEWIADRCO1
DC,LEWIKATMD1
Gainesville,LICHJERFL1
DC,LIEBJUDMD1
DC,LINDHANMD1
Pittsburgh,LINDOLIPA1
Raleigh,LIPSMARNC1
Gainesville,LISVINFL1
DC,LLANMATMD1
DC,LLEISUEDC1
Raleigh,LOFLKATNC1
DC,LORAJORMD1
Colorado,LORYSPKCO1
Gainesville,LOUWLISFL1
Gainesville,LOWRSTEFL1
DC,LUCAJILMD1
DC,LUCIDANMD1
Gainesville,LUISJONFL1
DC,LUNDTERMD1
DC,LURZPAUMD1
Colorado,LYBAALICO1
DC,LYCEEESMD1
Pittsburgh,LYNCPATPA1
DC,LYONLYNVA1
Gainesville,MACHCHRFL1
Pittsburgh,MADJDAVPA1
Pittsburgh,MADJDAVPA2
Pittsburgh,MAFFANGPA1
DC,MAGNDAVMD1
DC,MAGRPARMD1
DC,MAHESHEDC1
DC,MAHOJIMMD1
Pittsburgh,MAIEBILPA1
DC,MAIMLOIMD1
Pittsburgh,MAKAKATPA1
Pittsburgh,MAKAKATPA2
DC,MALLBARMD1
Pittsburgh,MALLTANPA1
Springfield,MALTELIMA1
Raleigh,MANDMARNC1
Gainesville,MANEXXXFL1
Pittsburgh,MANNCARPA1
DC,MANNJANDC1
Atlanta,MARIJAYGA1
Pittsburgh,MARNMELPA1
DC,MARRPETMD1
DC,MARRPETMD2
Springfield,MARTJUAMA1
Colorado,MARTYVECO1
DC,MASIADRMD1
DC,MASOCASMD1
DC,MASORICMD1
Springfield,MATHLYNMA1
Pittsburgh,MATISHAPA1
Springfield,MATUKEVMA1
Gainesville,MAULSHAFL1
Atlanta,MAYECINGA1
Atlanta,MAYECINGA2
Atlanta,MAYOAMAGA1
DC,MAZUJENMD1
Pittsburgh,MCAUTEDPA1
Atlanta,MCCAANNGA1
Atlanta,MCCABARGA1
DC,MCCAKEVMD1
Pittsburgh,MCCLEESPA1
DC,MCCOCHRMD1
Raleigh,MCCODINNC1
DC,MCCOJOHMD1
Gainesville,MCCOWALFL1
Raleigh,MCCRSARNC1
Pittsburgh,MCDEDAVPA1
DC,MCDODAVMD1
DC,MCDOELIVA1
DC,MCFAPAMMD1
Pittsburgh,MCGEMANPA1
DC,MCGHDENMD1
Pittsburgh,MCGRERIPA1
DC,MCKEANNVA1
Springfield,MCKEERIMA1
DC,MCKEJANMD1
Springfield,MCKICAIMA1
DC,MCKIRACDC1
DC,MCLERICMD1
Springfield,MCMAANDMA1
DC,MCNAKRIMD1
DC,MCQUJACDC1
Raleigh,MEADRUTNC1
DC,MEADTHEMD1
Pittsburgh,MEALRYAPA1
DC,MEGOPATMD1
DC,MEGOPATMD2
Pittsburgh,MEHLMOLPA1
Springfield,MERIMARMA1
DC,MERRJOAMD1
DC,MESEBARMD1
DC,METZNORDC1
Raleigh,MICCANNNC1
Atlanta,MILLELLGA1
Pittsburgh,MILLJEFPA1
DC,MILLJOEMD1
Gainesville,MILLKARFL1
DC,MILLLORVA1
Gainesville,MILLMARFL1
DC,MILLPAUMD1
DC,MILTMIKVA1
Pittsburgh,MINNJEAPA1
Springfield,MIRKJOEMA1
DC,MISBJANMD1
DC,MISSEDDC1
DC,MITCBARMD1
Pittsburgh,MITCNICPA1
DC,MOLIKARMD1
Pittsburgh,MOLLRUSPA1
DC,MONTSUZMD1
Pittsburgh,MOORMATPA1
DC,MORAANGMD1
DC,MORAJANMD1
Springfield,MORETONMA1
DC,MORRCHRVA1
Springfield,MORRDONMA1
Pittsburgh,MORRDOUPA1
DC,MORRJESMD1
Pittsburgh,MORROESPA1
Raleigh,MOSELYNNC1
DC,MOSMCARMD1
Pittsburgh,MOSSZARPA1
DC,MULLJOYVA1
Springfield,MURPELEMA1
Atlanta,MURPMICGA1
Springfield,MURPTHEMA1
Atlanta,MURRSANGA1
DC,MURTERIMD1
DC,MUTRCYNMD1
DC,MUTRCYNVA1
DC,MUTRCYNVA2
DC,MYERBRUMD1
DC,NADSPAUMD1
Gainesville,NAHIWILFL1
Pittsburgh,NAILJENPA1
DC,NARADESVA1
Pittsburgh,NATIAVIPA1
DC,NATICATDC1
DC,NATIGALDC1
Gainesville,NATURTLFL1
DC,NAYLMICMD1
DC,NAYLMICMD2
DC,NELSJIMMD1
Springfield,NELSKATMA1
DC,NEWBCARVA1
Atlanta,NEWMCHRGA1
Pittsburgh,NEWTMICPA1
Raleigh,NEWTROBNC1
DC,NICHALIMD1
Raleigh,NICHGLONC1
DC,NICHSANMD1
Atlanta,NICKAESGA1
Colorado,NICKSHECO1
Pittsburgh,NIKODONPA1
Springfield,NORMMONMA1
DC,NORTHESMD1
Atlanta,NORTLAUGA1
Gainesville,NOSSANDFL1
Springfield,NUESTFAMA1
DC,NZPAMAZDC1
DC,NZPAMERDC1
DC,NZPBIRDDC1
DC,NZPEDZODC1
DC,NZPELEPDC1
DC,NZPFRONVA1
DC,NZPPARDDC1
DC,NZPSMBCDC1
DC,OBRICHRMD1
DC,ODELVINMD1
DC,ODELVINMD2
DC,OHAGKERVA1
DC,OHAGKEVVA1
Pittsburgh,OLMSSTUPA1
DC,OLONMARDC1
DC,OMALMADVA1
DC,OMLAKEVMD1
Gainesville,ONEAJACFL1
DC,ONTAHOUDC1
DC,OPALDPKMD1
DC,OPPEJANMD1
Raleigh,OSBEBARNC1
DC,OWENDORVA1
Raleigh,OWENEDDNC1
DC,OWENJOHMD1
DC,OWENKATMD1
DC,PADORAMVA1
Springfield,PAGEALLMA1
Atlanta,PAINTOMGA1
DC,PALPARKDC1
Gainesville,PALUMATFL1
DC,PANCSAMMD1
Colorado,PANJARVCO1
Pittsburgh,PAPICHRPA1
Atlanta,PAPPLISGA1
Atlanta,PARKDIAGA1
Pittsburgh,PARRJOHPA1
DC,PARVRONDC1
DC,PATCLORDC1
DC,PATSNADMD1
Pittsburgh,PATTMYRPA1
DC,PATTPARMD1
Springfield,PELALYNMA1
Springfield,PELLLYNMA1
Springfield,PELLVOLMA1
DC,PENISUEMD1
Raleigh,PENNGRANC1
DC,PERNMIKMD1
DC,PERRCHRMD1
Gainesville,PERRJULFL1
Pittsburgh,PETETOWPA1
Gainesville,PFEIJOHFL1
Pittsburgh,PFENCHIPA1
DC,PHARAIMMD1
DC,PHELCLADC1
Colorado,PHENTRACO1
Pittsburgh,PHILJIMPA1
Pittsburgh,PIACRICPA1
DC,PICCLINMD1
Raleigh,PICKADANC1
DC,PICKCREMD1
Springfield,PICKSALMA1
Springfield,PIEPSUSMA1
Colorado,PINERIDCO1
Pittsburgh,PINKSUSPA1
DC,PIROELADC1
Gainesville,PLACGIRFL1
Atlanta,PLANANDGA1
Gainesville,PLAZBUTFL1
Pittsburgh,POINANNPA1
DC,POMANAMD1
DC,POORLYNMD1
DC,PORTTESMD1
Raleigh,POTEMARNC1
Atlanta,POVEANGGA1
Raleigh,PRAIRIDNC1
Springfield,PRANSABMA1
Pittsburgh,PRASJOHPA1
Raleigh,PRESANNNC1
Gainesville,PRESHOUFL1
Gainesville,PRESPENFL1
DC,PRICKIMMD1
DC,PRICMICMD1
Atlanta,PRITANGGA1
DC,PROBSUEMD1
Atlanta,PROCSONGA1
Pittsburgh,PROPSCHPA1
Gainesville,PROWGARFL1
Pittsburgh,QUIMKIMPA1
DC,RABIANDMD1
Colorado,RACKTRACO1
Pittsburgh,RALSJIMPA1
Pittsburgh,RASHMICPA1
DC,RASMANAMD1
DC,RAUCDANMD1
DC,RAUNERIMD1
Pittsburgh,KARMALYPA3
