siteID,date,observer,time,forayNumber,bandNumber,longitude,latitude,resightType,notes
SULLPAUVA1,2001-03-15,NA,NA,noData,1920-85883,NA,NA,T,NA
BARBJERMD1,2001-03-15,NA,NA,noData,1920-85906,NA,NA,T,NA
HUTCBARVA1,2001-06-22,NA,NA,noData,1920-85927,NA,NA,T,NA
BRUEELIMD1,2001-05-26,NA,NA,noData,1141-05727,NA,NA,T,NA
GOUGGREMD1,2001-03-15,NA,NA,noData,791-17747,NA,NA,T,NA
RABIANDMD1,2001-06-20,NA,NA,noData,791-17750,NA,NA,T,NA
BARBJERMD1,2001-06-08,NA,NA,noData,1920-85905,NA,NA,T,NA
TUFTKATMD1,2001-04-02,NA,NA,noData,791-17801,NA,NA,T,NA
REITBOBMD1,2001-06-15,NA,NA,noData,791-17802,NA,NA,T,NA
ROHRSALMD1,2001-05-08,NA,NA,noData,1920-85916,NA,NA,T,NA
HUTCBARVA1,2001-06-22,NA,NA,noData,1141-05734,NA,NA,T,NA
MAHOJIMMD1,2001-06-04,NA,NA,noData,1920-85926,NA,NA,T,NA
BRUEELIMD1,2001-05-26,NA,NA,noData,1141-05723,NA,NA,T,NA
BRUEELIMD1,2001-05-09,NA,NA,noData,1141-05724,NA,NA,T,NA
GOCHJOAMD1,2001-03-15,NA,NA,noData,791-17825,NA,NA,T,NA
BARBJERMD1,2001-06-08,NA,NA,noData,1920-85907,NA,NA,T,NA
BRUEELIMD1,2001-05-03,NA,NA,noData,1920-85920,NA,NA,T,NA
PERRCHRMD1,2002-04-07,NA,NA,noData,1920-85879,NA,NA,T,NA
JONECBRMD1,2002-06-11,NA,NA,noData,791-17804,NA,NA,T,NA
GOUGGREMD1,2002-06-20,NA,NA,noData,1141-05729,NA,NA,T,NA
GOUGGREMD1,2002-06-23,NA,NA,noData,791-17746,NA,NA,T,NA
CALLJERMD1,2002-07-15,NA,NA,noData,791-17816,NA,NA,T,NA
SALOSHEMD1,2002-05-22,NA,NA,noData,1141-05743,NA,NA,T,NA
HEATSUEVA1,2002-03-04,NA,NA,noData,1920-85943,NA,NA,T,NA
FERRSUEMD1,2002-06-04,NA,NA,noData,791-17822,NA,NA,T,NA
MCKEANNVA1,2002-07-03,NA,NA,noData,1141-05746,NA,NA,T,NA
DORNROBMD1,2002-06-11,NA,NA,noData,791-17829,NA,NA,T,NA
KOSLDREMD1,2002-05-30,NA,NA,noData,791-17003,NA,NA,T,NA
KOSLDREMD1,2002-05-30,NA,NA,noData,820-94561,NA,NA,T,NA
HAMMBARMD1,2002-05-27,NA,NA,noData,1141-05771,NA,NA,T,NA
HAMMBARMD1,2002-05-27,NA,NA,noData,820-94570,NA,NA,T,NA
MORAJANMD1,2002-05-15,NA,NA,noData,791-17015,NA,NA,T,NA
GOUGGREMD1,2002-06-15,NA,NA,noData,791-17747,NA,NA,T,NA
MCKEANNVA1,2002-07-03,NA,NA,noData,1920-85951,NA,NA,T,NA
RABIANDMD1,2002-06-27,NA,NA,noData,791-17750,NA,NA,T,NA
WELLCARMD1,2002-07-13,NA,NA,noData,820-94595,NA,NA,T,NA
TINIKATMD1,2002-05-15,NA,NA,noData,820-94593,NA,NA,T,NA
WISECELMD1,2002-05-19,NA,NA,noData,791-17020,NA,NA,T,NA
WISECELMD1,2002-05-10,NA,NA,noData,1141-05776,NA,NA,T,NA
MOLIKARMD1,2002-06-17,NA,NA,noData,1751-51970,NA,NA,T,NA
CAINBRIMD1,2002-06-29,NA,NA,noData,1751-51978,NA,NA,T,NA
CAINBRIMD1,2002-06-29,NA,NA,noData,1751-51977,NA,NA,T,NA
HAMIMARMD1,2002-04-15,NA,NA,noData,1751-51999,NA,NA,T,NA
NICHALIMD1,2002-06-09,NA,NA,noData,2250-24008,NA,NA,T,NA
WILLRAJMD1,2002-06-22,NA,NA,noData,1141-05790,NA,NA,T,NA
SINGTONMD1,2002-06-08,NA,NA,noData,791-17024,NA,NA,T,NA
GEHRDALMD1,2002-07-09,NA,NA,noData,1751-51968,NA,NA,T,NA
CAINBRIMD1,2002-06-29,NA,NA,noData,2250-24004,NA,NA,T,NA
CAINBRIMD1,2002-06-29,NA,NA,noData,1141-05549,NA,NA,T,NA
HERBJOAMD1,2002-07-11,NA,NA,noData,791-17049,NA,NA,T,NA
GOUGGREMD1,2002-10-09,NA,NA,noData,1751-51946,NA,NA,T,NA
GOUGGREMD1,2002-06-20,NA,NA,noData,1751-51945,NA,NA,T,NA
LUCIDANMD1,2002-06-21,NA,NA,noData,1751-51954,NA,NA,T,NA
CARLSHIMD1,2002-05-01,NA,NA,noData,791-17047,NA,NA,T,NA
FARYSIMMD1,2002-07-15,NA,NA,noData,1141-05602,NA,NA,T,NA
MISBJANMD1,2002-09-13,NA,NA,noData,1751-51943,NA,NA,T,NA
BARBJERMD1,2002-05-20,NA,NA,noData,1141-05594,NA,NA,T,NA
BARBJERMD1,2002-04-02,NA,NA,noData,1152-87532,NA,NA,T,NA
OBRICHRMD1,2002-06-29,NA,NA,noData,1141-05609,NA,NA,T,NA
OBRICHRMD1,2002-06-29,NA,NA,noData,1141-05610,NA,NA,T,NA
COLALISMD1,2002-03-05,NA,NA,noData,1751-51918,NA,NA,T,NA
MALLBARMD1,2002-04-19,NA,NA,noData,1141-05440,NA,NA,T,NA
BERNCHRMD1,2002-04-28,NA,NA,noData,1141-05626,NA,NA,T,NA
SANFCARMD1,2002-05-14,NA,NA,noData,1141-05591,NA,NA,T,NA
SANFCARMD1,2002-05-14,NA,NA,noData,1751-51934,NA,NA,T,NA
WINGJERMD1,2002-07-09,NA,NA,noData,1141-05603,NA,NA,T,NA
MCCAKEVMD1,2002-05-23,NA,NA,noData,1751-51915,NA,NA,T,NA
KORRHARMD1,2002-06-21,NA,NA,noData,1751-51937,NA,NA,T,NA
KORRHARMD1,2002-06-21,NA,NA,noData,1141-05584,NA,NA,T,NA
RAUNERIMD1,2002-03-23,NA,NA,noData,1141-05580,NA,NA,T,NA
LERNJEFMD1,2002-05-13,NA,NA,noData,2250-24074,NA,NA,T,NA
HARWRANDC1,2002-06-24,NA,NA,noData,1141-05446,NA,NA,T,NA
MUTRCYNMD1,2002-05-16,NA,NA,noData,8001-21312,NA,NA,T,NA
MERRJOAMD1,2002-04-17,NA,NA,noData,8001-21210,NA,NA,T,NA
MORAANGMD1,2002-04-21,NA,NA,noData,1141-05622,NA,NA,T,NA
MCKEJANMD1,2002-05-27,NA,NA,noData,791-17091,NA,NA,T,NA
MCKEJANMD1,2002-06-11,NA,NA,noData,791-17092,NA,NA,T,NA
FAGABERMD1,2002-07-01,NA,NA,noData,2250-24202,NA,NA,T,NA
SULLPAUVA1,2002-07-03,NA,NA,noData,791-17031,NA,NA,T,NA
NZPSMBCDC1,2002-07-02,NA,NA,noData,1751-51959,NA,NA,T,NA
NZPSMBCDC1,2002-07-02,NA,NA,noData,1751-51958,NA,NA,T,NA
NZPSMBCDC1,2002-04-11,NA,NA,noData,1141-05569,NA,NA,T,NA
NZPSMBCDC1,2002-06-14,NA,NA,noData,1751-51956,NA,NA,T,NA
UNGELAUDC1,2002-07-02,NA,NA,noData,791-17837,NA,NA,T,NA
WOODPAUVA1,2002-04-24,NA,NA,noData,8001-21318,NA,NA,T,NA
JACOAMYMD1,2002-05-19,NA,NA,noData,1141-05642,NA,NA,T,NA
JACOAMYMD1,2002-05-16,NA,NA,noData,8001-21316,NA,NA,T,NA
EVANMICMD1,2002-05-01,NA,NA,noData,2250-24242,NA,NA,T,NA
EVANMICMD1,2002-09-07,NA,NA,noData,791-17075,NA,NA,T,NA
EVANMICMD1,2002-05-10,NA,NA,noData,791-17076,NA,NA,T,NA
MAHOJIMMD1,2002-06-26,NA,NA,noData,1141-05605,NA,NA,T,NA
STANJEFMD1,2002-04-18,NA,NA,noData,2250-24404,NA,NA,T,NA
HUNTDAVMD2,2002-05-29,NA,NA,noData,791-17835,NA,NA,T,NA
REITBOBMD1,2002-05-01,NA,NA,noData,1721-48518,NA,NA,T,NA
BEALTOMMD1,2002-05-12,NA,NA,noData,1141-05597,NA,NA,T,NA
RAYTIMMD1,2002-05-30,NA,NA,noData,1141-05599,NA,NA,T,NA
CONNBARMD1,2002-06-24,NA,NA,noData,1751-51921,NA,NA,T,NA
STURCARMD1,2002-06-01,NA,NA,noData,1721-48501,NA,NA,T,NA
JOHNTHEMD1,2002-05-21,NA,NA,noData,791-17089,NA,NA,T,NA
REILJENMD1,2002-04-21,NA,NA,noData,8001-21321,NA,NA,T,NA
REILJENMD1,2002-05-29,NA,NA,noData,1141-05648,NA,NA,T,NA
RAUNERIMD1,2002-05-13,NA,NA,noData,1920-85903,NA,NA,T,NA
DANIBARMD1,2002-06-08,NA,NA,noData,1920-85901,NA,NA,T,NA
TUFTKATMD1,2002-08-01,NA,NA,noData,791-17801,NA,NA,T,NA
HUTCBARVA1,2002-06-15,NA,NA,noData,1141-05720,NA,NA,T,NA
HUTCBARVA1,2002-06-15,NA,NA,noData,1920-85930,NA,NA,T,NA
HUTCBARVA1,2002-07-15,NA,NA,noData,1141-05734,NA,NA,T,NA
GOUGGREMD1,2002-06-15,NA,NA,noData,791-17745,NA,NA,T,NA
BRUEELIMD1,2002-04-22,NA,NA,noData,1141-05724,NA,NA,T,NA
MANNJANDC1,2002-05-30,NA,NA,noData,1920-85917,NA,NA,T,NA
MANNJANDC1,2002-05-30,NA,NA,noData,1920-85919,NA,NA,T,NA
CALLJERMD1,2002-07-15,NA,NA,noData,1920-85940,NA,NA,T,NA
HEATSUEVA1,2002-08-26,NA,NA,noData,791-17820,NA,NA,T,NA
WIKACORMD1,2002-09-17,NA,NA,noData,820-94571,NA,NA,T,NA
BRUEELIMD1,2002-04-16,NA,NA,noData,1920-85920,NA,NA,T,NA
GEHRDALMD1,2002-07-09,NA,NA,noData,1751-51966,NA,NA,T,NA
CARLSHIMD1,2002-05-04,NA,NA,noData,2250-24229,NA,NA,T,NA
DORNROBMD1,2002-06-11,NA,NA,noData,1152-87548,NA,NA,T,NA
REITBOBMD1,2002-06-15,NA,NA,noData,1141-05572,NA,NA,T,NA
MISBJANMD1,2002-06-20,NA,NA,noData,1751-51944,NA,NA,T,NA
MAHOJIMMD1,2002-06-26,NA,NA,noData,1920-85922,NA,NA,T,NA
SCOLWENMD1,2002-05-26,NA,NA,noData,8001-21212,NA,NA,T,NA
TUFTKATMD1,2002-05-31,NA,NA,noData,2250-24051,NA,NA,T,NA
BRUEELIMD1,2002-06-27,NA,NA,noData,8001-21203,NA,NA,T,NA
BROWANNDC1,2002-04-01,NA,NA,noData,1152-87530,NA,NA,T,NA
BROWANNDC1,2002-05-27,NA,NA,noData,1751-51905,NA,NA,T,NA
MERRJOAMD1,2002-04-04,NA,NA,noData,1141-05441,NA,NA,T,NA
BURNNANMD1,2002-05-23,NA,NA,noData,2250-24265,NA,NA,T,NA
ANDRKENVA1,2002-05-24,NA,NA,noData,2250-24268,NA,NA,T,NA
MORAANGMD1,2002-04-21,NA,NA,noData,1141-05623,NA,NA,T,NA
GELLNERMD1,2002-06-21,NA,NA,noData,791-17073,NA,NA,T,NA
BLOCDAVMD1,2002-08-06,NA,NA,noData,2250-24246,NA,NA,T,NA
MANNJANDC1,2002-05-30,NA,NA,noData,2250-24415,NA,NA,T,NA
JACOAMYMD1,2002-05-19,NA,NA,noData,1141-05641,NA,NA,T,NA
RAYTIMMD1,2002-05-30,NA,NA,noData,1141-05598,NA,NA,T,NA
BALAELEMD1,2002-07-10,NA,NA,noData,2250-24210,NA,NA,T,NA
BLOCDAVMD1,2002-06-09,NA,NA,noData,2250-24245,NA,NA,T,NA
BARNDORMD1,2002-05-15,NA,NA,noData,2250-24410,NA,NA,T,NA
BURKSANMD1,2002-06-27,NA,NA,noData,2250-24064,NA,NA,T,NA
CAUSSUSMD1,2002-10-15,NA,NA,noData,2250-24024,NA,NA,T,NA
DANIBARMD1,2002-06-08,NA,NA,noData,820-94583,NA,NA,T,NA
DRAKBERMD1,2002-05-03,NA,NA,noData,1721-48514,NA,NA,T,NA
JACOAMYMD1,2002-05-19,NA,NA,noData,2250-24278,NA,NA,T,NA
OMLAKEVMD1,2002-06-04,NA,NA,noData,1141-05754,NA,NA,T,NA
PERRCHRMD1,2002-04-07,NA,NA,noData,2250-24001,NA,NA,T,NA
SANFCARMD1,2002-05-15,NA,NA,noData,2250-24048,NA,NA,T,NA
PICKCREMD1,2002-05-07,NA,NA,noData,2250-24256,NA,NA,T,NA
SERCGUEMD1,2002-06-26,NA,NA,noData,820-94576,NA,NA,T,NA
CONNBARMD1,2002-06-24,NA,NA,noData,2250-24057,NA,NA,T,NA
SULLPAUVA1,2002-04-28,NA,NA,noData,791-17030,NA,NA,T,NA
THOMSUEMD1,2002-05-28,NA,NA,noData,820-94584,NA,NA,T,NA
THOMSUEMD1,2002-04-09,NA,NA,noData,820-94585,NA,NA,T,NA
WOODPAUVA1,2002-05-09,NA,NA,noData,2250-24285,NA,NA,T,NA
MOSMCARMD1,2003-05-08,NA,NA,noData,1141-05713,NA,NA,T,NA
JONECBRMD1,2003-07-11,NA,NA,noData,791-17804,NA,NA,T,NA
FERRSUEMD1,2003-03-15,NA,NA,noData,791-17822,NA,NA,T,NA
GARDVALMD1,2003-04-25,NA,NA,noData,8209-74586,NA,NA,T,NA
GARDVALMD1,2003-04-25,NA,NA,noData,791-17018,NA,NA,T,NA
GARDVALMD1,2003-04-15,NA,NA,noData,820-94588,NA,NA,T,NA
WELLCARMD1,2003-07-04,NA,NA,noData,820-94594,NA,NA,T,NA
WISECELMD1,2003-07-03,NA,NA,noData,1141-05776,NA,NA,T,NA
GARDVALMD1,2003-04-15,NA,NA,noData,2250-24018,NA,NA,T,NA
NICHALIMD1,2003-05-30,NA,NA,noData,2250-24008,NA,NA,T,NA
WILLRAJMD1,2003-05-31,NA,NA,noData,791-17034,NA,NA,T,NA
GEHRDALMD1,2003-05-15,NA,NA,noData,1751-51968,NA,NA,T,NA
GOUGGREMD1,2003-07-12,NA,NA,noData,1751-51946,NA,NA,T,NA
GOUGGREMD1,2003-07-09,NA,NA,noData,1141-05576,NA,NA,T,NA
DORNROBMD1,2003-05-10,NA,NA,noData,1141-05552,NA,NA,T,NA
REITBOBMD1,2003-07-05,NA,NA,noData,2250-24027,NA,NA,T,NA
CAMPROSMD1,2003-07-02,NA,NA,noData,1141-05577,NA,NA,T,NA
GIBSELAMD1,2003-05-07,NA,NA,noData,1751-51984,NA,NA,T,NA
EDEREDWVA1,2003-04-15,NA,NA,noData,8001-21310,NA,NA,T,NA
EDEREDWVA1,2003-04-15,NA,NA,noData,1141-05631,NA,NA,T,NA
BERNCHRMD1,2003-07-02,NA,NA,noData,1141-05626,NA,NA,T,NA
SANFCARMD1,2003-05-12,NA,NA,noData,1751-51934,NA,NA,T,NA
KORRHARMD1,2003-06-05,NA,NA,noData,1751-51937,NA,NA,T,NA
SCHOPAUMD1,2003-05-05,NA,NA,noData,791-17081,NA,NA,T,NA
SPEYPAUMD1,2003-05-20,NA,NA,noData,1751-51997,NA,NA,T,NA
GOCHJOAMD1,2003-06-06,NA,NA,noData,791-17067,NA,NA,T,NA
NZPSMBCDC1,2003-07-14,NA,NA,noData,1751-51958,NA,NA,T,NA
NZPSMBCDC1,2003-11-23,NA,NA,noData,1141-05569,NA,NA,T,NA
JACOAMYMD1,2003-07-02,NA,NA,noData,1141-05642,NA,NA,T,NA
MOSMCARMD1,2003-03-15,NA,NA,noData,2250-24020,NA,NA,T,NA
RAYTIMMD1,2003-05-28,NA,NA,noData,1751-51923,NA,NA,T,NA
STURCARMD1,2003-08-30,NA,NA,noData,1721-48501,NA,NA,T,NA
MOSMCARMD1,2003-05-08,NA,NA,noData,791-17744,NA,NA,T,NA
ROHRSALMD1,2003-03-07,NA,NA,noData,1920-85916,NA,NA,T,NA
MOSMCARMD1,2003-05-08,NA,NA,noData,1141-05714,NA,NA,T,NA
GALLTERMD1,2003-06-21,NA,NA,noData,1141-05757,NA,NA,T,NA
GEHRDALMD1,2003-05-15,NA,NA,noData,1751-51966,NA,NA,T,NA
ANDRKENVA1,2003-05-29,NA,NA,noData,2250-24268,NA,NA,T,NA
HUTCBARVA1,2003-07-19,NA,NA,noData,2250-24271,NA,NA,T,NA
NZPSMBCDC1,2004-01-02,NA,NA,noData,1751-51960,NA,NA,T,NA
NZPSMBCDC1,2003-11-12,NA,NA,noData,1141-05568,NA,NA,T,NA
STURCARMD1,2003-05-11,NA,NA,noData,2250-24059,NA,NA,T,NA
JOHNTHEMD1,2003-05-05,NA,NA,noData,1152-87406,NA,NA,T,NA
DRAKBERMD1,2003-03-16,NA,NA,noData,2250-24078,NA,NA,T,NA
HUNTDAVMD2,2003-04-21,NA,NA,noData,2250-24403,NA,NA,T,NA
MCCOJOHMD1,2003-05-29,NA,NA,noData,1141-05751,NA,NA,T,NA
MISBJANMD1,2003-06-03,NA,NA,noData,2250-24032,NA,NA,T,NA
OWENJOHMD1,2003-04-30,NA,NA,noData,2250-24053,NA,NA,T,NA
STAVKORMD1,2003-06-14,NA,NA,noData,2250-24038,NA,NA,T,NA
RICHLIBMD1,2003-04-21,NA,NA,noData,2250-24288,NA,NA,T,NA
COLALISMD1,2003-06-04,NA,NA,noData,2250-90408,NA,NA,T,NA
COLSKATMD1,2003-03-06,NA,NA,noData,1141-05683,NA,NA,T,NA
GILLEVAMD1,2003-06-05,NA,NA,noData,8001-21410,NA,NA,T,NA
JACOAMYMD1,2003-07-02,NA,NA,noData,8001-21444,NA,NA,T,NA
BURNNANMD1,2003-07-15,NA,NA,noData,2250-90423,NA,NA,T,NA
BERNCHRMD1,2003-07-02,NA,NA,noData,8001-21424,NA,NA,T,NA
FREYFREMD1,2003-07-18,NA,NA,noData,8001-21427,NA,NA,T,NA
FREYFREMD1,2003-05-10,NA,NA,noData,8001-21429,NA,NA,T,NA
FREYFREMD1,2003-03-14,NA,NA,noData,1152-87425,NA,NA,T,NA
ODELVINMD1,2003-06-18,NA,NA,noData,2250-90430,NA,NA,T,NA
LERNJEFMD1,2003-06-06,NA,NA,noData,8001-21340,NA,NA,T,NA
MUTRCYNMD1,2003-06-20,NA,NA,noData,8001-21343,NA,NA,T,NA
JOHNTHEMD1,2003-05-05,NA,NA,noData,8001-21446,NA,NA,T,NA
SALOSHEMD1,2003-08-01,NA,NA,noData,1721-48525,NA,NA,T,NA
PERNMIKMD1,2003-04-30,NA,NA,noData,962-47801,NA,NA,T,NA
NATIGALDC1,2003-11-02,NA,NA,noData,2250-90447,NA,NA,T,NA
KINDFARMD1,2003-07-23,NA,NA,noData,1801-09421,NA,NA,T,NA
SINGTONMD1,2003-05-08,NA,NA,noData,1721-48568,NA,NA,T,NA
SINGTONMD1,2003-05-08,NA,NA,noData,8001-21463,NA,NA,T,NA
PERRCHRMD1,2003-05-29,NA,NA,noData,8001-21456,NA,NA,T,NA
JONECBRMD1,2003-07-11,NA,NA,noData,2250-90464,NA,NA,T,NA
LUCIDANMD1,2003-05-21,NA,NA,noData,8001-21475,NA,NA,T,NA
KORRHARMD1,2003-04-15,NA,NA,noData,8001-21474,NA,NA,T,NA
EARLNANMD1,2003-05-20,NA,NA,noData,1721-48583,NA,NA,T,NA
MOLIKARMD1,2003-05-09,NA,NA,noData,1801-09426,NA,NA,T,NA
HUNTBRIMD1,2003-05-02,NA,NA,noData,1721-48592,NA,NA,T,NA
GIBSELAMD1,2003-05-07,NA,NA,noData,2280-90103,NA,NA,T,NA
LORAJORMD1,2003-06-13,NA,NA,noData,8001-21481,NA,NA,T,NA
CANTBOBMD1,2003-04-15,NA,NA,noData,8001-21355,NA,NA,T,NA
CANTBOBMD1,2003-04-15,NA,NA,noData,8001-21357,NA,NA,T,NA
STURCARMD1,2003-07-30,NA,NA,noData,8001-21494,NA,NA,T,NA
STURCARMD1,2003-05-25,NA,NA,noData,8001-21495,NA,NA,T,NA
STURCARMD1,2003-05-04,NA,NA,noData,8001-21496,NA,NA,T,NA
BRENSTEMD1,2003-06-23,NA,NA,noData,1801-09513,NA,NA,T,NA
MCCOCHRMD1,2003-05-29,NA,NA,noData,1801-09415,NA,NA,T,NA
KRAMPAUMD1,2003-06-10,NA,NA,noData,1801-09466,NA,NA,T,NA
FREYFREMD1,2003-06-29,NA,NA,noData,1801-09490,NA,NA,T,NA
MCKEJANMD1,2003-06-28,NA,NA,noData,1801-09481,NA,NA,T,NA
MAHOJIMMD1,2003-05-24,NA,NA,noData,2250-24668,NA,NA,T,NA
MAHOJIMMD1,2003-05-24,NA,NA,noData,1801-09614,NA,NA,T,NA
MCLERICMD1,2003-06-12,NA,NA,noData,1801-09651,NA,NA,T,NA
HUNTDAVMD2,2003-05-22,NA,NA,noData,1801-09654,NA,NA,T,NA
HUNTBRIMD1,2003-05-02,NA,NA,noData,2250-24672,NA,NA,T,NA
HUNTBRIMD1,2003-05-02,NA,NA,noData,1801-09636,NA,NA,T,NA
SPEYPAUMD1,2003-05-20,NA,NA,noData,1801-09686,NA,NA,T,NA
MISBJANMD1,2003-06-03,NA,NA,noData,2250-24357,NA,NA,T,NA
MISBJANMD1,2003-06-03,NA,NA,noData,2250-24358,NA,NA,T,NA
MISBJANMD1,2003-06-03,NA,NA,noData,1801-09687,NA,NA,T,NA
ODELVINMD1,2003-06-18,NA,NA,noData,1801-09675,NA,NA,T,NA
STURCARMD1,2003-06-07,NA,NA,noData,2250-24394,NA,NA,T,NA
MAHOJIMMD1,2003-05-07,NA,NA,noData,2250-24697,NA,NA,T,NA
BROWANNDC1,2003-03-15,NA,NA,noData,962-47823,NA,NA,T,NA
FREYFREMD1,2003-06-22,NA,NA,noData,1320-00909,NA,NA,T,NA
WISECELMD1,2004-05-14,NA,NA,noData,1141-05776,NA,NA,T,NA
LLEISUEDC1,2004-06-23,NA,NA,noData,791-17070,NA,NA,T,NA
TUFTKATMD1,2004-07-02,NA,NA,noData,2250-24052,NA,NA,T,NA
BERNCHRMD1,2004-07-20,NA,NA,noData,8001-21305,NA,NA,T,NA
RAUNERIMD1,2004-07-08,NA,NA,noData,1141-05580,NA,NA,T,NA
PICKCREMD1,2004-04-20,NA,NA,noData,8001-21418,NA,NA,T,NA
NZPSMBCDC1,2004-04-19,NA,NA,noData,1751-51958,NA,NA,T,NA
NZPSMBCDC1,2004-04-19,NA,NA,noData,1141-05569,NA,NA,T,NA
CONNBARMD1,2004-06-08,NA,NA,noData,1751-51921,NA,NA,T,NA
OMLAKEVMD1,2004-06-07,NA,NA,noData,791-17834,NA,NA,T,NA
REIKROBMD1,2004-04-21,NA,NA,noData,1751-51912,NA,NA,T,NA
NZPSMBCDC1,2004-03-02,NA,NA,noData,1751-51960,NA,NA,T,NA
TATEJUAMD1,2004-05-27,NA,NA,noData,2250-24030,NA,NA,T,NA
OMLAKEVMD1,2004-06-07,NA,NA,noData,1920-85967,NA,NA,T,NA
REITBOBMD1,2004-05-03,NA,NA,noData,8001-21330,NA,NA,T,NA
PICKCREMD1,2004-04-20,NA,NA,noData,8001-21417,NA,NA,T,NA
FREYFREMD1,2004-03-28,NA,NA,noData,1152-87424,NA,NA,T,NA
FREYFREMD1,2004-04-18,NA,NA,noData,2250-90428,NA,NA,T,NA
BEALTOMMD1,2004-04-27,NA,NA,noData,8001-21430,NA,NA,T,NA
JOHNTHEMD1,2004-06-30,NA,NA,noData,8001-21446,NA,NA,T,NA
SALOSHEMD1,2004-06-24,NA,NA,noData,1721-48525,NA,NA,T,NA
SINGTONMD1,2004-07-07,NA,NA,noData,1721-48568,NA,NA,T,NA
LUCIDANMD1,2004-05-13,NA,NA,noData,8001-21475,NA,NA,T,NA
FOLEMARMD1,2004-05-27,NA,NA,noData,8001-21455,NA,NA,T,NA
FOLEMARMD1,2004-05-27,NA,NA,noData,1721-48565,NA,NA,T,NA
MEGOPATMD1,2004-06-01,NA,NA,noData,1721-48589,NA,NA,T,NA
TINIKATMD1,2004-05-07,NA,NA,noData,2250-90472,NA,NA,T,NA
STURCARMD1,2004-07-14,NA,NA,noData,8001-21495,NA,NA,T,NA
HUNTDAVMD2,2004-04-19,NA,NA,noData,1801-09655,NA,NA,T,NA
SINGTONMD1,2004-07-07,NA,NA,noData,1152-87457,NA,NA,T,NA
SINGTONMD1,2004-07-07,NA,NA,noData,1801-77804,NA,NA,T,NA
LERNJEFMD1,2004-05-23,NA,NA,noData,1801-77992,NA,NA,T,NA
STURCARMD1,2004-07-14,NA,NA,noData,2250-90370,NA,NA,T,NA
STURCARMD1,2004-07-14,NA,NA,noData,2250-90371,NA,NA,T,NA
HAMMBARMD1,2004-06-18,NA,NA,noData,1152-87585,NA,NA,T,NA
NZPSMBCDC1,2004-05-12,NA,NA,noData,8001-21396,NA,NA,T,NA
NZPSMBCDC1,2004-06-18,NA,NA,noData,4501-87504,NA,NA,T,NA
MANNJANDC1,2004-07-02,NA,NA,noData,1801-77906,NA,NA,T,NA
MEGOPATMD1,2004-06-01,NA,NA,noData,4501-87414,NA,NA,T,NA
WILLRAJMD1,2004-07-10,NA,NA,noData,1811-58695,NA,NA,T,NA
OBRICHRMD1,2004-07-09,NA,NA,noData,1152-87516,NA,NA,T,NA
MARRPETMD1,2004-06-03,NA,NA,noData,1870-35901,NA,NA,T,NA
MCCOJOHMD1,2004-06-15,NA,NA,noData,1801-09584,NA,NA,T,NA
SCHOPAUMD1,2004-06-08,NA,NA,noData,1801-77659,NA,NA,T,NA
WIKACORMD1,2004-04-22,NA,NA,noData,4501-87416,NA,NA,T,NA
RAUNERIMD1,2004-04-18,NA,NA,noData,1821-63317,NA,NA,T,NA
LORAJORMD1,2004-05-04,NA,NA,noData,1811-58697,NA,NA,T,NA
RAUNERIMD1,2004-07-08,NA,NA,noData,1821-66320,NA,NA,T,NA
STAVKORMD1,2004-06-02,NA,NA,noData,1841-58602,NA,NA,T,NA
CARLSHIMD1,2004-05-28,NA,NA,noData,1081-77953,NA,NA,T,NA
PATSNADMD1,2004-05-08,NA,NA,noData,1801-77822,NA,NA,T,NA
ONTAHOUDC1,2004-05-28,NA,NA,noData,1801-77957,NA,NA,T,NA
ONTAHOUDC1,2004-06-23,NA,NA,noData,1801-77970,NA,NA,T,NA
MUTRCYNMD1,2004-07-07,NA,NA,noData,1811-58698,NA,NA,T,NA
BLANBETMD1,2004-05-29,NA,NA,noData,1841-58606,NA,NA,T,NA
BAKEKYLDC1,2004-06-18,NA,NA,noData,4501-87418,NA,NA,T,NA
SIMOROSVA1,2004-06-07,NA,NA,noData,1801-77910,NA,NA,T,NA
SULLPAUVA1,2004-06-14,NA,NA,noData,1141-05837,NA,NA,T,NA
URBABETMD1,2004-05-11,NA,NA,noData,1801-77676,NA,NA,T,NA
URBABETMD1,2004-05-11,NA,NA,noData,1801-77677,NA,NA,T,NA
BARNDORMD1,2004-04-24,NA,NA,noData,1801-77838,NA,NA,T,NA
BERGMICMD1,2004-05-25,NA,NA,noData,2350-07604,NA,NA,T,NA
NZPSMBCDC1,2004-06-22,NA,NA,noData,1841-58708,NA,NA,T,NA
HUTCBARVA1,2004-05-26,NA,NA,noData,1901-20513,NA,NA,T,NA
EDEREDWVA1,2004-06-03,NA,NA,noData,1901-20510,NA,NA,T,NA
STURCARMD1,2004-07-14,NA,NA,noData,1841-58824,NA,NA,T,NA
HIRSHHODC1,2004-07-27,NA,NA,noData,1841-58822,NA,NA,T,NA
GOUGGREMD1,2004-06-21,NA,NA,noData,1841-58618,NA,NA,T,NA
SCOLWENMD1,2004-05-15,NA,NA,noData,1811-58814,NA,NA,T,NA
NZPSMBCDC1,2004-08-17,NA,NA,noData,4501-87512,NA,NA,T,NA
REITBOBMD1,2005-03-30,NA,NA,noData,1141-05571,NA,NA,T,NA
EDEREDWVA1,2005-03-25,NA,NA,noData,1141-05631,NA,NA,T,NA
SANFCARMD1,2005-05-31,NA,NA,noData,1751-51934,NA,NA,T,NA
SCHOPAUMD1,2005-06-27,NA,NA,noData,791-17081,NA,NA,T,NA
SULLPAUVA1,2005-06-30,NA,NA,noData,1141-05788,NA,NA,T,NA
NZPSMBCDC1,2005-02-04,NA,NA,noData,1141-05569,NA,NA,T,NA
TATEJUAMD1,2005-06-08,NA,NA,noData,2250-24030,NA,NA,T,NA
HADDMARMD1,2005-04-29,NA,NA,noData,2250-24213,NA,NA,T,NA
REITBOBMD1,2005-02-28,NA,NA,noData,8001-21330,NA,NA,T,NA
REUTSHAMD1,2005-07-12,NA,NA,noData,8001-21439,NA,NA,T,NA
JACOAMYMD1,2005-05-23,NA,NA,noData,8001-21442,NA,NA,T,NA
LUCIDANMD1,2005-04-25,NA,NA,noData,8001-21475,NA,NA,T,NA
OMLAKEVMD1,2005-07-06,NA,NA,noData,1721-48582,NA,NA,T,NA
MOLIKARMD1,2005-07-20,NA,NA,noData,1801-09426,NA,NA,T,NA
MCKEJANMD1,2005-05-11,NA,NA,noData,1801-09483,NA,NA,T,NA
HAMIMARMD1,2005-05-03,NA,NA,noData,1801-09622,NA,NA,T,NA
MISBJANMD1,2005-06-21,NA,NA,noData,1801-09689,NA,NA,T,NA
MCCAKEVMD1,2005-06-30,NA,NA,noData,1811-58685,NA,NA,T,NA
MOSMCARMD1,2005-06-11,NA,NA,noData,2250-24970,NA,NA,T,NA
NZPSMBCDC1,2005-03-14,NA,NA,noData,8001-21396,NA,NA,T,NA
NZPSMBCDC1,2005-03-02,NA,NA,noData,4501-87504,NA,NA,T,NA
MEGOPATMD1,2005-06-16,NA,NA,noData,4501-87414,NA,NA,T,NA
BORGRACMD1,2005-06-06,NA,NA,noData,1801-09580,NA,NA,T,NA
KORRHARMD1,2005-05-02,NA,NA,noData,1801-09592,NA,NA,T,NA
STANJEFMD1,2005-07-18,NA,NA,noData,962-47836,NA,NA,T,NA
TATEJUAMD1,2005-05-15,NA,NA,noData,742-29799,NA,NA,T,NA
BROWANNDC1,2005-05-19,NA,NA,noData,1152-87502,NA,NA,T,NA
NZPSMBCDC1,2005-06-29,NA,NA,noData,962-47704,NA,NA,T,NA
EDEREDWVA1,2005-06-30,NA,NA,noData,1901-20510,NA,NA,T,NA
NATIGALDC1,2005-07-28,NA,NA,noData,742-29709,NA,NA,T,NA
HIRSHHODC1,2005-06-07,NA,NA,noData,1841-58822,NA,NA,T,NA
BEALTOMMD1,2005-06-19,NA,NA,noData,1950-50471,NA,NA,T,NA
LUCIDANMD1,2005-04-25,NA,NA,noData,4501-87461,NA,NA,T,NA
EVANMICMD1,2005-07-22,NA,NA,noData,4501-87429,NA,NA,T,NA
SCOLWENMD1,2005-05-13,NA,NA,noData,1811-58814,NA,NA,T,NA
EDEREDWVA1,2005-06-17,NA,NA,noData,1891-87381,NA,NA,T,NA
GIBSELAMD1,2005-06-09,NA,NA,noData,742-29781,NA,NA,T,NA
WOLFKARDC1,2005-05-25,NA,NA,noData,4501-87456,NA,NA,T,NA
NZPSMBCDC1,2005-06-29,NA,NA,noData,1141-05888,NA,NA,T,NA
NZPSMBCDC1,2005-02-16,NA,NA,noData,4501-87512,NA,NA,T,NA
WILLCYNVA1,2005-05-05,NA,NA,noData,4501-87491,NA,NA,T,NA
CANTBOBMD1,2005-06-20,NA,NA,noData,2380-02420,NA,NA,T,NA
COLALISMD1,2005-05-11,NA,NA,noData,2350-07900,NA,NA,T,NA
FAGABERMD1,2005-05-10,NA,NA,noData,1951-20956,NA,NA,T,NA
FAGABERMD1,2005-05-10,NA,NA,noData,1901-20598,NA,NA,T,NA
GEHRDALMD1,2005-06-06,NA,NA,noData,1801-77866,NA,NA,T,NA
LERNJEFMD1,2005-05-12,NA,NA,noData,1951-20933,NA,NA,T,NA
LERNJEFMD1,2005-05-12,NA,NA,noData,1801-77992,NA,NA,T,NA
LERNJEFMD1,2005-05-12,NA,NA,noData,1951-20934,NA,NA,T,NA
MAHOJIMMD1,2005-05-04,NA,NA,noData,1951-20903,NA,NA,T,NA
MISSEDDC1,2005-05-23,NA,NA,noData,1801-77752,NA,NA,T,NA
NAYLMICMD1,2005-05-14,NA,NA,noData,1901-20657,NA,NA,T,NA
SCOLWENMD1,2005-05-13,NA,NA,noData,1901-20573,NA,NA,T,NA
SCOLWENMD1,2005-05-13,NA,NA,noData,1951-20937,NA,NA,T,NA
AMERICOMD1,2005-07-13,NA,NA,noData,1951-20913,NA,NA,T,NA
UNGELAUDC1,2005-05-17,NA,NA,noData,1951-20908,NA,NA,T,NA
NZPSMBCDC1,2006-09-27,NA,NA,noData,1751-51960,NA,NA,T,NA
NZPSMBCDC1,2006-03-27,NA,NA,noData,8001-21396,NA,NA,T,NA
NZPSMBCDC1,2006-07-15,NA,NA,noData,8001-21396,NA,NA,T,NA
STAVKORMD1,2006-07-13,NA,NA,noData,1841-58602,NA,NA,T,NA
EVANMICMD1,2006-07-05,NA,NA,noData,4501-87429,NA,NA,T,NA
REITBOBMD1,2006-05-25,NA,NA,noData,1851-95464,NA,NA,T,NA
WISECELMD1,2006-07-05,NA,NA,noData,742-29602,NA,NA,T,NA
NZPSMBCDC1,2006-08-25,NA,NA,noData,2241-18009,NA,NA,T,NA
NZPSMBCDC1,2007-03-11,NA,NA,noData,1751-51960,NA,NA,T,NA
MUTRCYNMD1,2007-06-01,NA,NA,noData,8001-21343,NA,NA,T,NA
MILLJOEMD1,2007-06-23,NA,NA,noData,1801-09520,NA,NA,T,NA
MILLJOEMD1,2007-06-22,NA,NA,noData,1801-09521,NA,NA,T,NA
SCHLROBMD1,2007-05-02,NA,NA,noData,1801-09460,NA,NA,T,NA
STANJEFMD1,2007-05-24,NA,NA,noData,1841-58841,NA,NA,T,NA
SCHILYDMD1,2007-03-15,NA,NA,noData,4501-87432,NA,NA,T,NA
NZPSMBCDC1,2007-06-07,NA,NA,noData,1141-05888,NA,NA,T,NA
CARLSHIMD1,2007-05-14,NA,NA,noData,1951-20916,NA,NA,T,NA
REITBOBMD1,2007-05-11,NA,NA,noData,1801-77870,NA,NA,T,NA
SCHLROBMD1,2007-05-02,NA,NA,noData,1801-77847,NA,NA,T,NA
SERCGUEMD1,2007-07-20,NA,NA,noData,2370-05623,NA,NA,T,NA
HADDMARMD1,2007-07-21,NA,NA,noData,2241-17601,NA,NA,T,NA
REITBOBMD1,2007-07-05,NA,NA,noData,1851-95463,NA,NA,T,NA
CONNBARMD1,2007-06-18,NA,NA,noData,1951-40959,NA,NA,T,NA
BARBJERMD1,2007-06-27,NA,NA,noData,2430-29216,NA,NA,T,NA
BARBJERMD1,2007-06-25,NA,NA,noData,1951-40963,NA,NA,T,NA
MCCAKEVMD1,2007-03-15,NA,NA,noData,1951-41299,NA,NA,T,NA
REITBOBMD1,2007-05-13,NA,NA,noData,2251-80702,NA,NA,T,NA
TATEJUAMD1,2007-06-27,NA,NA,noData,2251-80523,NA,NA,T,NA
TATEJUAMD1,2007-06-27,NA,NA,noData,2251-80712,NA,NA,T,NA
TATEJUAMD1,2007-06-27,NA,NA,noData,2251-80714,NA,NA,T,NA
HUNTDAVMD2,2008-07-18,NA,NA,noData,791-17835,NA,NA,T,NA
NZPSMBCDC1,2008-12-23,NA,NA,noData,1751-51960,NA,NA,T,NA
BARBJERMD1,2008-06-02,NA,NA,noData,2250-24385,NA,NA,T,NA
COLSKATMD1,2008-06-19,NA,NA,noData,1801-77835,NA,NA,T,NA
NZPSMBCDC1,2008-03-10,NA,NA,noData,1141-05888,NA,NA,T,NA
SCHLROBMD1,2008-06-19,NA,NA,noData,2350-07896,NA,NA,T,NA
BLOCDAVMD1,2008-05-17,NA,NA,noData,2241-17620,NA,NA,T,NA
BLOCDAVMD1,2008-05-17,NA,NA,noData,1951-40968,NA,NA,T,NA
NZPSMBCDC1,2008-03-15,NA,NA,noData,2241-18009,NA,NA,T,NA
GOROCARDC1,2008-06-13,NA,NA,noData,4501-87466,NA,NA,T,NA
NATICATDC1,2008-07-09,NA,NA,noData,1951-41124,NA,NA,T,NA
COLSKATMD1,2008-06-19,NA,NA,noData,2251-80739,NA,NA,T,NA
COLSKATMD1,2008-06-19,NA,NA,noData,2251-80747,NA,NA,T,NA
KORRHARMD1,2008-06-13,NA,NA,noData,1991-46110,NA,NA,T,NA
MCKEANNVA1,2008-06-20,NA,NA,noData,1951-41060,NA,NA,T,NA
MANNJANDC1,2008-06-10,NA,NA,noData,1951-41068,NA,NA,T,NA
PANCSAMMD1,2008-08-04,NA,NA,noData,2261-38315,NA,NA,T,NA
TINIKATMD1,2008-06-03,NA,NA,noData,2261-38314,NA,NA,T,NA
CAMPGLOMD1,2008-06-09,NA,NA,noData,2460-22902,NA,NA,T,NA
NZPSMBCDC1,2008-04-07,NA,NA,noData,2261-38310,NA,NA,T,NA
REITBOBMD1,2008-03-20,NA,NA,noData,2261-38311,NA,NA,T,NA
FOLEMARMD1,2008-06-30,NA,NA,noData,2510-04309,NA,NA,T,NA
WATSPATDC1,2008-06-15,NA,NA,noData,2301-56009,NA,NA,T,NA
BROWANNDC1,2008-07-23,NA,NA,noData,2281-69413,NA,NA,T,NA
MISSEDDC1,2008-06-27,NA,NA,noData,2301-56905,NA,NA,T,NA
OWENDORVA1,2008-07-30,NA,NA,noData,2281-69417,NA,NA,T,NA
NEWBCARVA1,2008-07-11,NA,NA,noData,2510-04320,NA,NA,T,NA
NZPAMAZDC1,2007-02-15,NA,NA,noData,2281-69210,NA,NA,T,NA
WALKPATVA1,2008-03-15,NA,NA,noData,2281-69434,NA,NA,T,NA
REITBOBMD1,2008-03-02,NA,NA,noData,2301-56925,NA,NA,T,NA
DAVIALIVA1,2008-07-01,NA,NA,noData,2301-56028,NA,NA,T,NA
WILLRAJMD1,2008-07-06,NA,NA,noData,2261-38332,NA,NA,T,NA
WILLRAJMD1,2008-07-06,NA,NA,noData,1991-46155,NA,NA,T,NA
WILLTINVA1,2008-06-18,NA,NA,noData,2281-69446,NA,NA,T,NA
WILLTINVA1,2008-06-18,NA,NA,noData,2281-69447,NA,NA,T,NA
ZAMBTRAMD1,2008-07-18,NA,NA,noData,1991-46164,NA,NA,T,NA
LIEBJUDMD1,2008-06-19,NA,NA,noData,2301-56036,NA,NA,T,NA
MCKEJANMD1,2009-07-16,NA,NA,noData,1801-09483,NA,NA,T,NA
STURCARMD1,2009-07-13,NA,NA,noData,2250-90370,NA,NA,T,NA
STANJEFMD1,2009-05-07,NA,NA,noData,1841-58841,NA,NA,T,NA
ZENKBOBMD1,2009-07-29,NA,NA,noData,1951-41237,NA,NA,T,NA
SALOSHEMD1,2009-06-22,NA,NA,noData,1951-41109,NA,NA,T,NA
MCKEJANMD1,2009-07-16,NA,NA,noData,1991-21108,NA,NA,T,NA
SALOSHEMD1,2009-06-22,NA,NA,noData,4501-87449,NA,NA,T,NA
REITBOBMD1,2009-06-01,NA,NA,noData,2251-80703,NA,NA,T,NA
FAGABERMD1,2009-07-24,NA,NA,noData,2251-80505,NA,NA,T,NA
KORRHARMD1,2009-06-04,NA,NA,noData,1991-46110,NA,NA,T,NA
STANJEFMD1,2009-05-07,NA,NA,noData,2400-00682,NA,NA,T,NA
STURCARMD1,2009-07-03,NA,NA,noData,2400-00690,NA,NA,T,NA
STURCARMD1,2009-07-03,NA,NA,noData,1951-41073,NA,NA,T,NA
REITBOBMD1,2009-03-08,NA,NA,noData,2261-38311,NA,NA,T,NA
STEWBETMD1,2009-05-13,NA,NA,noData,2281-69408,NA,NA,T,NA
THOMMARDC1,2009-07-17,NA,NA,noData,2281-69203,NA,NA,T,NA
OWENDORVA1,2009-07-22,NA,NA,noData,1951-41098,NA,NA,T,NA
RUSSJODMD1,2009-07-23,NA,NA,noData,2281-69420,NA,NA,T,NA
GOCHJOAMD1,2009-06-12,NA,NA,noData,2301-56910,NA,NA,T,NA
NZPAMAZDC1,2009-01-15,NA,NA,noData,2301-56924,NA,NA,T,NA
RAYTIMMD1,2009-06-27,NA,NA,noData,2460-22930,NA,NA,T,NA
MCDOELIVA1,2009-07-29,NA,NA,noData,1232-88302,NA,NA,T,NA
REITBOBMD1,2009-05-15,NA,NA,noData,2301-56925,NA,NA,T,NA
NICHSANMD1,2009-05-14,NA,NA,noData,1991-46756,NA,NA,T,NA
BRIGKIMMD1,2009-05-28,NA,NA,noData,1991-21151,NA,NA,T,NA
ASSMCARMD1,2009-05-28,NA,NA,noData,2261-38348,NA,NA,T,NA
LIEBJUDMD1,2009-06-03,NA,NA,noData,2301-56036,NA,NA,T,NA
ROHRSALMD1,2009-07-30,NA,NA,noData,2301-56597,NA,NA,T,NA
ROHRSALMD1,2009-07-30,NA,NA,noData,2510-03802,NA,NA,T,NA
SPEYPAUMD1,2009-05-27,NA,NA,noData,2510-03803,NA,NA,T,NA
HAMIMARMD1,2009-06-06,NA,NA,noData,2301-55919,NA,NA,T,NA
OBRICHRMD1,2009-06-30,NA,NA,noData,2460-22717,NA,NA,T,NA
ANDEMIKMD1,2009-05-21,NA,NA,noData,2301-55920,NA,NA,T,NA
TINIKATMD1,2009-05-29,NA,NA,noData,2301-56039,NA,NA,T,NA
MOSMCARMD1,2009-05-19,NA,NA,noData,2540-62816,NA,NA,T,NA
SCHIMARMD1,2009-07-11,NA,NA,noData,2460-22727,NA,NA,T,NA
PICKCREMD1,2009-07-07,NA,NA,noData,2281-69472,NA,NA,T,NA
KRAMPAUMD1,2009-06-27,NA,NA,noData,2301-55950,NA,NA,T,NA
COLSKATMD1,2009-05-29,NA,NA,noData,2460-22747,NA,NA,T,NA
FISHFERVA1,2009-05-30,NA,NA,noData,2510-03824,NA,NA,T,NA
SCHLROBMD1,2009-05-15,NA,NA,noData,1991-46181,NA,NA,T,NA
WILLTERMD1,2009-07-13,NA,NA,noData,2301-56808,NA,NA,T,NA
SALAJENMD1,2009-07-09,NA,NA,noData,2301-56809,NA,NA,T,NA
JACOSYDMD1,2009-05-16,NA,NA,noData,2341-30110,NA,NA,T,NA
MILLPAUMD1,2009-06-29,NA,NA,noData,2301-56865,NA,NA,T,NA
MCNAKRIMD1,2009-07-29,NA,NA,noData,2301-56067,NA,NA,T,NA
MORRJESMD1,2009-05-23,NA,NA,noData,2281-69485,NA,NA,T,NA
DAVIALIVA1,2009-03-15,NA,NA,noData,742-29174,NA,NA,T,NA
STURCARMD1,2009-07-03,NA,NA,noData,2460-22958,NA,NA,T,NA
STURCARMD1,2009-07-03,NA,NA,noData,1991-46187,NA,NA,T,NA
WILLRAJMD1,2009-07-03,NA,NA,noData,2251-80311,NA,NA,T,NA
STEWBETMD1,2009-05-13,NA,NA,noData,2281-69491,NA,NA,T,NA
LAFOMELVA1,2009-07-27,NA,NA,noData,1991-46196,NA,NA,T,NA
VOSSCOLVA1,2009-07-11,NA,NA,noData,1272-43108,NA,NA,T,NA
MORAANGMD1,2009-06-04,NA,NA,noData,2301-56878,NA,NA,T,NA
HALLDEBVA1,2009-06-01,NA,NA,noData,2341-29326,NA,NA,T,NA
ASSMCARMD1,2009-05-28,NA,NA,noData,2301-56534,NA,NA,T,NA
SIMOROSVA1,2009-05-21,NA,NA,noData,1202-99051,NA,NA,T,NA
SIMOROSVA1,2009-05-21,NA,NA,noData,2341-30322,NA,NA,T,NA
WIEBFRAMD1,2009-07-14,NA,NA,noData,2301-56097,NA,NA,T,NA
MILLLORVA1,2009-07-18,NA,NA,noData,2301-56530,NA,NA,T,NA
GOCHJOAMD1,2009-06-12,NA,NA,noData,2301-56657,NA,NA,T,NA
LANGANKVA1,2009-06-26,NA,NA,noData,2341-29336,NA,NA,T,NA
CONAGAIMD1,2009-06-24,NA,NA,noData,2540-62920,NA,NA,T,NA
SANFCARMD1,2010-06-09,NA,NA,noData,1801-19401,NA,NA,T,NA
MCKEANNVA1,2010-06-02,NA,NA,noData,1841-58847,NA,NA,T,NA
NZPSMBCDC1,2010-12-13,NA,NA,noData,1861-38593,NA,NA,T,NA
OBRICHRMD1,2010-07-01,NA,NA,noData,1951-20963,NA,NA,T,NA
REITBOBMD1,2010-06-26,NA,NA,noData,2251-80701,NA,NA,T,NA
OWENJOHMD1,2010-06-10,NA,NA,noData,2201-21796,NA,NA,T,NA
PANCSAMMD1,2010-06-26,NA,NA,noData,2261-38315,NA,NA,T,NA
STURCARMD1,2010-05-21,NA,NA,noData,1951-41074,NA,NA,T,NA
SPEYPAUMD1,2010-06-02,NA,NA,noData,2400-00699,NA,NA,T,NA
LUCIDANMD1,2010-06-02,NA,NA,noData,1991-46134,NA,NA,T,NA
GALLTERMD1,2010-07-14,NA,NA,noData,2510-04210,NA,NA,T,NA
MILLPAUMD1,2010-06-04,NA,NA,noData,2460-22834,NA,NA,T,NA
MISSEDDC1,2010-06-07,NA,NA,noData,2301-56905,NA,NA,T,NA
NICHALIMD1,2010-06-04,NA,NA,noData,2301-56911,NA,NA,T,NA
NZPAMAZDC1,2010-12-16,NA,NA,noData,2301-56924,NA,NA,T,NA
BURDROBVA1,2010-06-16,NA,NA,noData,2281-69442,NA,NA,T,NA
GIRAANGMD1,2010-07-14,NA,NA,noData,2261-38331,NA,NA,T,NA
REITBOBMD1,2010-04-15,NA,NA,noData,2301-56925,NA,NA,T,NA
FOOSDAVVA1,2010-07-12,NA,NA,noData,2261-38340,NA,NA,T,NA
ASSMCARMD1,2010-06-14,NA,NA,noData,1991-46166,NA,NA,T,NA
JORABONVA1,2010-07-12,NA,NA,noData,2281-69457,NA,NA,T,NA
SUBRSTEMD1,2010-05-29,NA,NA,noData,2251-80092,NA,NA,T,NA
ROHRSALMD1,2010-06-04,NA,NA,noData,2301-56597,NA,NA,T,NA
SPEYPAUMD1,2010-06-02,NA,NA,noData,2510-03803,NA,NA,T,NA
SPEYPAUMD1,2010-06-02,NA,NA,noData,2510-03804,NA,NA,T,NA
HAMIMARMD1,2010-07-13,NA,NA,noData,2301-55918,NA,NA,T,NA
YOUNELIMD1,2010-06-17,NA,NA,noData,2301-56589,NA,NA,T,NA
SHEEMARMD1,2010-05-24,NA,NA,noData,2301-56584,NA,NA,T,NA
EDEREDWVA1,2010-06-22,NA,NA,noData,2301-56827,NA,NA,T,NA
OWENJOHMD1,2010-06-10,NA,NA,noData,2301-55932,NA,NA,T,NA
MCCAKEVMD1,2010-06-30,NA,NA,noData,2460-22721,NA,NA,T,NA
HAMMBARMD1,2010-06-11,NA,NA,noData,2510-03811,NA,NA,T,NA
CAUSSUSMD1,2010-07-26,NA,NA,noData,2540-62907,NA,NA,T,NA
WHITLAUDC1,2010-06-08,NA,NA,noData,2301-56825,NA,NA,T,NA
KRAMPAUMD1,2010-07-28,NA,NA,noData,2301-55951,NA,NA,T,NA
MOLIKARMD1,2010-07-03,NA,NA,noData,2281-69477,NA,NA,T,NA
LIEBJUDMD1,2010-05-27,NA,NA,noData,2281-69478,NA,NA,T,NA
HAWNJANVA1,2010-07-07,NA,NA,noData,2301-56056,NA,NA,T,NA
MCKEANNVA1,2010-06-02,NA,NA,noData,2341-29311,NA,NA,T,NA
HOROBONVA1,2010-06-21,NA,NA,noData,2301-56059,NA,NA,T,NA
PADORAMVA1,2010-07-01,NA,NA,noData,2301-55960,NA,NA,T,NA
PADORAMVA1,2010-07-01,NA,NA,noData,2341-30310,NA,NA,T,NA
SOLIAPRMD1,2010-07-03,NA,NA,noData,2301-55957,NA,NA,T,NA
SOLIAPRMD1,2010-07-06,NA,NA,noData,1202-99047,NA,NA,T,NA
EDEREDWVA1,2010-06-22,NA,NA,noData,2341-30123,NA,NA,T,NA
GOROCARDC1,2010-05-05,NA,NA,noData,2341-30114,NA,NA,T,NA
LYONLYNVA1,2010-05-27,NA,NA,noData,2301-56062,NA,NA,T,NA
MORRJESMD1,2010-06-06,NA,NA,noData,742-29436,NA,NA,T,NA
STUECHRVA1,2010-06-05,NA,NA,noData,2301-55975,NA,NA,T,NA
BURDROBVA1,2010-06-16,NA,NA,noData,2301-55974,NA,NA,T,NA
HALLDEBVA1,2010-07-01,NA,NA,noData,2341-29326,NA,NA,T,NA
BRIGKIMMD1,2010-07-21,NA,NA,noData,2301-56545,NA,NA,T,NA
EVANMICMD1,2010-05-13,NA,NA,noData,2540-62928,NA,NA,T,NA
GOMEKARMD1,2010-07-22,NA,NA,noData,2281-69493,NA,NA,T,NA
REITBOBMD1,2010-08-08,NA,NA,noData,2301-56791,NA,NA,T,NA
SIMOROSVA1,2010-06-18,NA,NA,noData,1202-99051,NA,NA,T,NA
FOOSDAVVA1,2010-07-12,NA,NA,noData,2331-40001,NA,NA,T,NA
MILLLORVA1,2010-06-28,NA,NA,noData,2301-56530,NA,NA,T,NA
GOCHJOAMD1,2010-05-22,NA,NA,noData,2540-62856,NA,NA,T,NA
LANGANKVA1,2010-06-19,NA,NA,noData,2510-03849,NA,NA,T,NA
LANGANKVA1,2010-06-19,NA,NA,noData,2301-56529,NA,NA,T,NA
DECHKIMMD2,2010-06-26,NA,NA,noData,2510-03841,NA,NA,T,NA
STANJEFMD1,2010-06-30,NA,NA,noData,2441-15007,NA,NA,T,NA
REITBOBMD1,2010-03-15,NA,NA,noData,1202-99063,NA,NA,T,NA
JACOSYDMD1,2010-06-07,NA,NA,noData,2441-14004,NA,NA,T,NA
EGANMARMD1,2010-06-12,NA,NA,noData,2301-56511,NA,NA,T,NA
MOSMCARMD1,2010-07-24,NA,NA,noData,2441-14007,NA,NA,T,NA
ANDEMIKMD1,2010-06-12,NA,NA,noData,2411-37223,NA,NA,T,NA
BARNDORMD1,2010-05-14,NA,NA,noData,2411-37304,NA,NA,T,NA
MORRJESMD1,2010-06-06,NA,NA,noData,2441-14011,NA,NA,T,NA
MORRJESMD1,2010-06-06,NA,NA,noData,1292-64204,NA,NA,T,NA
HULLJEFVA1,2010-06-18,NA,NA,noData,2411-37102,NA,NA,T,NA
BURDROBVA1,2010-06-16,NA,NA,noData,2590-82527,NA,NA,T,NA
BURDROBVA1,2010-06-16,NA,NA,noData,2590-82528,NA,NA,T,NA
BURDROBVA1,2010-06-16,NA,NA,noData,2441-14012,NA,NA,T,NA
GIESALLVA1,2010-07-12,NA,NA,noData,2411-37239,NA,NA,T,NA
TINIKATMD1,2010-07-08,NA,NA,noData,2411-37308,NA,NA,T,NA
TINIKATMD1,2010-07-08,NA,NA,noData,2411-37309,NA,NA,T,NA
LUCIDANMD1,2010-06-02,NA,NA,noData,2590-82202,NA,NA,T,NA
MAHOJIMMD1,2010-07-12,NA,NA,noData,2411-37311,NA,NA,T,NA
TAYLOESVA1,2010-06-15,NA,NA,noData,2411-37313,NA,NA,T,NA
LIEBJUDMD1,2010-05-27,NA,NA,noData,1292-64213,NA,NA,T,NA
COULMARMD1,2010-07-15,NA,NA,noData,2590-82538,NA,NA,T,NA
FORCBREVA1,2010-06-03,NA,NA,noData,2441-15013,NA,NA,T,NA
GALLTERMD1,2010-07-14,NA,NA,noData,2411-37320,NA,NA,T,NA
SANFCARMD1,2010-06-09,NA,NA,noData,2411-37109,NA,NA,T,NA
MEGOPATMD2,2010-07-16,NA,NA,noData,2411-37265,NA,NA,T,NA
JACKALADC1,2010-05-25,NA,NA,noData,2411-37266,NA,NA,T,NA
SOLLCHRMD1,2010-05-07,NA,NA,noData,2411-37329,NA,NA,T,NA
FUISLISVA1,2010-05-24,NA,NA,noData,2411-37731,NA,NA,T,NA
GOROCARDC1,2010-05-05,NA,NA,noData,2411-37333,NA,NA,T,NA
WILELINMD1,2010-06-11,NA,NA,noData,1292-64311,NA,NA,T,NA
BAINANDMD1,2010-05-20,NA,NA,noData,2411-37119,NA,NA,T,NA
SOLIAPRMD1,2010-07-03,NA,NA,noData,2411-37277,NA,NA,T,NA
MCCOJOHMD1,2010-07-15,NA,NA,noData,2411-37279,NA,NA,T,NA
MILLJOEMD1,2010-06-03,NA,NA,noData,2411-37132,NA,NA,T,NA
GAETHEAMD1,2010-06-21,NA,NA,noData,2411-37139,NA,NA,T,NA
HUTCBARVA1,2010-06-23,NA,NA,noData,2411-37292,NA,NA,T,NA
HUTCBARVA1,2010-06-23,NA,NA,noData,2441-14035,NA,NA,T,NA
HUTCBARVA1,2010-06-23,NA,NA,noData,2441-14036,NA,NA,T,NA
NICHALIMD1,2010-06-04,NA,NA,noData,2411-37148,NA,NA,T,NA
DRAKBERMD1,2010-06-12,NA,NA,noData,2411-13750,NA,NA,T,NA
SULLPAUVA1,2010-07-09,NA,NA,noData,2411-37378,NA,NA,T,NA
SULLPAUVA1,2010-07-09,NA,NA,noData,2411-37379,NA,NA,T,NA
OWENJOHMD1,2010-06-10,NA,NA,noData,2441-14040,NA,NA,T,NA
OWENJOHMD1,2010-06-10,NA,NA,noData,2590-82563,NA,NA,T,NA
OWENJOHMD1,2010-06-10,NA,NA,noData,2590-82564,NA,NA,T,NA
BROWANNDC1,2010-05-19,NA,NA,noData,1292-64336,NA,NA,T,NA
WISECELMD1,2010-06-14,NA,NA,noData,1292-64511,NA,NA,T,NA
WISECELMD1,2010-06-14,NA,NA,noData,2441-13737,NA,NA,T,NA
WILLRAJMD1,2010-07-28,NA,NA,noData,2301-56943,NA,NA,T,NA
REITBOBMD1,2010-07-06,NA,NA,noData,2301-56785,NA,NA,T,NA
SCHILYDMD1,2010-06-17,NA,NA,noData,2411-37766,NA,NA,T,NA
DALEELIMD1,2010-06-11,NA,NA,noData,2301-56952,NA,NA,T,NA
KESTSABDC1,2010-05-15,NA,NA,noData,1292-64512,NA,NA,T,NA
HAWNJANVA1,2010-07-07,NA,NA,noData,2411-37169,NA,NA,T,NA
MYERBRUMD1,2010-06-18,NA,NA,noData,2590-82636,NA,NA,T,NA
WIEBFRAMD1,2010-05-06,NA,NA,noData,2411-37429,NA,NA,T,NA
WOLFAMYDC1,2010-05-20,NA,NA,noData,2301-56961,NA,NA,T,NA
WOLFAMYDC1,2010-05-20,NA,NA,noData,2301-56962,NA,NA,T,NA
HOROBONVA1,2010-06-21,NA,NA,noData,2411-37178,NA,NA,T,NA
CARLSHIMD1,2010-06-07,NA,NA,noData,1202-99095,NA,NA,T,NA
OWENDORVA1,2010-06-10,NA,NA,noData,2411-15043,NA,NA,T,NA
OWENDORVA1,2010-06-10,NA,NA,noData,2441-15044,NA,NA,T,NA
YOUNKIMVA1,2010-06-08,NA,NA,noData,791-17226,NA,NA,T,NA
REITBOBMD1,2010-07-06,NA,NA,noData,2411-37187,NA,NA,T,NA
REITBOBMD1,2010-07-06,NA,NA,noData,2441-13744,NA,NA,T,NA
HUNTDAVMD2,2011-08-08,NA,NA,noData,1801-09653,NA,NA,T,NA
REITBOBMD1,2011-04-15,NA,NA,noData,2301-56925,NA,NA,T,NA
REITBOBMD1,2011-02-02,NA,NA,noData,2341-29605,NA,NA,T,NA
REITBOBMD1,2011-10-08,NA,NA,noData,2301-56791,NA,NA,T,NA
REITBOBMD1,2011-02-28,NA,NA,noData,1202-99062,NA,NA,T,NA
CAMPROSMD1,2012-05-19,NA,NA,noData,1991-46121,NA,NA,T,NA
MCDOELIVA1,2012-06-04,NA,NA,noData,1232-88302,NA,NA,T,NA
REITBOBMD1,2012-04-15,NA,NA,noData,2301-56925,NA,NA,T,NA
DAVIALIVA1,2012-06-26,NA,NA,noData,2301-56928,NA,NA,T,NA
ASSMCARMD1,2012-05-17,NA,NA,noData,2261-38348,NA,NA,T,NA
GIRAANGMD1,2012-07-23,NA,NA,noData,2301-55901,NA,NA,T,NA
CARLSHIMD1,2012-06-20,NA,NA,noData,2301-56600,NA,NA,T,NA
WISECELMD1,2012-05-22,NA,NA,noData,2341-30001,NA,NA,T,NA
VERSBETMD1,2012-06-07,NA,NA,noData,2540-62817,NA,NA,T,NA
GAETHEAMD1,2012-06-25,NA,NA,noData,2301-56548,NA,NA,T,NA
STURCARMD1,2012-05-26,NA,NA,noData,1991-46187,NA,NA,T,NA
WARDDOUVA1,2012-06-28,NA,NA,noData,2441-14133,NA,NA,T,NA
REITBOBMD1,2012-07-09,NA,NA,noData,2341-29605,NA,NA,T,NA
CRONCHRVA1,2012-06-25,NA,NA,noData,2301-55984,NA,NA,T,NA
SCHLROBMD1,2012-07-10,NA,NA,noData,2411-37208,NA,NA,T,NA
SCHLROBMD1,2012-07-10,NA,NA,noData,2411-37211,NA,NA,T,NA
JACOSYDMD1,2012-06-29,NA,NA,noData,2411-37212,NA,NA,T,NA
JACOSYDMD1,2012-06-29,NA,NA,noData,2411-37217,NA,NA,T,NA
BARNDORMD1,2012-05-17,NA,NA,noData,2411-37304,NA,NA,T,NA
MORRJESMD1,2012-07-25,NA,NA,noData,2441-14011,NA,NA,T,NA
HULLJEFVA1,2012-07-03,NA,NA,noData,2411-37102,NA,NA,T,NA
BRIGKIMMD1,2012-06-30,NA,NA,noData,2411-37103,NA,NA,T,NA
CAMPROSMD1,2012-05-19,NA,NA,noData,2411-37244,NA,NA,T,NA
FORCBREVA1,2012-07-17,NA,NA,noData,2441-15013,NA,NA,T,NA
DELUKARVA1,2012-06-14,NA,NA,noData,2441-14030,NA,NA,T,NA
WISECELMD1,2012-05-22,NA,NA,noData,2441-13737,NA,NA,T,NA
WATSPATDC1,2012-07-17,NA,NA,noData,2441-14048,NA,NA,T,NA
WIEBFRAMD1,2012-07-24,NA,NA,noData,2411-37427,NA,NA,T,NA
OBRICHRMD1,2012-06-02,NA,NA,noData,2411-37417,NA,NA,T,NA
OBRICHRMD1,2012-06-02,NA,NA,noData,2590-82317,NA,NA,T,NA
HOROBONVA1,2012-06-06,NA,NA,noData,2411-37178,NA,NA,T,NA
EGGELESVA1,2012-07-12,NA,NA,noData,2441-15036,NA,NA,T,NA
MCNAKRIMD1,2012-06-14,NA,NA,noData,2441-14224,NA,NA,T,NA
WIEBFRAMD1,2012-07-24,NA,NA,noData,2251-80324,NA,NA,T,NA
WIEBFRAMD1,2012-07-24,NA,NA,noData,2411-37193,NA,NA,T,NA
FAGABERMD1,2012-06-11,NA,NA,noData,2411-37992,NA,NA,T,NA
FAGABERMD1,2012-06-11,NA,NA,noData,1272-43079,NA,NA,T,NA
BAINANDMD1,2012-05-22,NA,NA,noData,2301-56981,NA,NA,T,NA
SHEEMARMD1,2012-06-29,NA,NA,noData,1292-64242,NA,NA,T,NA
LINDHANMD1,2012-06-25,NA,NA,noData,2441-96302,NA,NA,T,NA
LINDHANMD1,2012-06-25,NA,NA,noData,2441-96303,NA,NA,T,NA
GIRAANGMD1,2012-07-23,NA,NA,noData,2301-56994,NA,NA,T,NA
CAMPLIBMD1,2012-06-13,NA,NA,noData,2510-03898,NA,NA,T,NA
JACOSYDMD1,2012-06-29,NA,NA,noData,2441-96405,NA,NA,T,NA
MORRJESMD1,2012-07-25,NA,NA,noData,2441-96404,NA,NA,T,NA
STEWBETMD1,2012-05-10,NA,NA,noData,2421-11709,NA,NA,T,NA
WILELINMD1,2012-07-07,NA,NA,noData,2441-14089,NA,NA,T,NA
MARRPETMD2,2012-05-12,NA,NA,noData,2590-83138,NA,NA,T,NA
YOUNELIMD1,2012-06-05,NA,NA,noData,2421-11736,NA,NA,T,NA
MYERBRUMD1,2012-05-11,NA,NA,noData,2441-96416,NA,NA,T,NA
HUTCBARVA1,2012-07-12,NA,NA,noData,2441-14100,NA,NA,T,NA
HUTCBARVA1,2012-07-12,NA,NA,noData,2341-29337,NA,NA,T,NA
CLARCOLDC1,2012-07-01,NA,NA,noData,2251-80353,NA,NA,T,NA
DAVIALIVA1,2012-06-27,NA,NA,noData,2421-11441,NA,NA,T,NA
MCCAKEVMD1,2012-07-05,NA,NA,noData,1272-43124,NA,NA,T,NA
NZPEDZODC1,2012-03-15,NA,NA,noData,1272-43126,NA,NA,T,NA
PADORAMVA1,2012-05-24,NA,NA,noData,2341-29350,NA,NA,T,NA
PADORAMVA1,2012-05-24,NA,NA,noData,2341-29351,NA,NA,T,NA
GECACARVA1,2012-06-26,NA,NA,noData,2251-80365,NA,NA,T,NA
KEYESUSMD1,2012-06-02,NA,NA,noData,2590-83169,NA,NA,T,NA
HAMIMARMD1,2012-05-21,NA,NA,noData,2590-83174,NA,NA,T,NA
MCDOELIVA1,2012-06-04,NA,NA,noData,2421-11472,NA,NA,T,NA
WILLRAJMD1,2012-07-28,NA,NA,noData,2341-29380,NA,NA,T,NA
NEWBCARVA1,2013-07-31,NA,NA,noData,1991-21138,NA,NA,T,NA
MCDOELIVA1,2013-06-16,NA,NA,noData,1232-88302,NA,NA,T,NA
REITBOBMD1,2013-04-15,NA,NA,noData,2301-56925,NA,NA,T,NA
LIEBJUDMD1,2013-06-25,NA,NA,noData,2301-56035,NA,NA,T,NA
LIEBJUDMD1,2013-06-25,NA,NA,noData,2281-69132,NA,NA,T,NA
LANGANKVA1,2013-06-17,NA,NA,noData,1991-21157,NA,NA,T,NA
CAMPGLOMD1,2013-07-01,NA,NA,noData,2301-56611,NA,NA,T,NA
GECACARVA1,2013-03-15,NA,NA,noData,2301-56567,NA,NA,T,NA
STEWBETMD1,2013-06-22,NA,NA,noData,2540-62837,NA,NA,T,NA
STANJEFMD1,2013-07-23,NA,NA,noData,2441-15007,NA,NA,T,NA
CAMPGLOMD1,2013-04-14,NA,NA,noData,2540-62888,NA,NA,T,NA
FISHFERVA1,2013-05-20,NA,NA,noData,2411-37712,NA,NA,T,NA
KAMILEIVA1,2013-07-29,NA,NA,noData,2441-13709,NA,NA,T,NA
MANNJANDC1,2013-03-15,NA,NA,noData,2411-37740,NA,NA,T,NA
MILLJOEMD1,2013-07-15,NA,NA,noData,2411-37132,NA,NA,T,NA
TATEJUAMD1,2013-03-15,NA,NA,noData,2411-37760,NA,NA,T,NA
LAFOMELVA1,2013-06-28,NA,NA,noData,2411-37183,NA,NA,T,NA
WIEBFRAMD1,2013-06-28,NA,NA,noData,2411-37192,NA,NA,T,NA
WIEBFRAMD1,2013-06-26,NA,NA,noData,1272-43094,NA,NA,T,NA
BAINANDMD1,2013-07-02,NA,NA,noData,2301-56980,NA,NA,T,NA
BAINANDMD1,2013-07-02,NA,NA,noData,2441-14058,NA,NA,T,NA
FUISLISVA1,2013-07-19,NA,NA,noData,2421-11607,NA,NA,T,NA
JUBILHODC1,2013-04-15,NA,NA,noData,2421-11615,NA,NA,T,NA
KAMILEIVA1,2013-07-29,NA,NA,noData,2421-11416,NA,NA,T,NA
NEWBCARVA1,2013-07-31,NA,NA,noData,2421-11431,NA,NA,T,NA
MAZUJENMD1,2013-07-18,NA,NA,noData,2421-11748,NA,NA,T,NA
GALLMONVA1,2013-07-27,NA,NA,noData,2421-11439,NA,NA,T,NA
SINGDADMD1,2013-06-26,NA,NA,noData,2590-83154,NA,NA,T,NA
SINGDADMD1,2013-06-26,NA,NA,noData,2421-11752,NA,NA,T,NA
EGGELESVA1,2013-07-25,NA,NA,noData,2421-11447,NA,NA,T,NA
SUBRSTEMD1,2013-05-07,NA,NA,noData,791-17237,NA,NA,T,NA
JUBILHODC1,2013-07-03,NA,NA,noData,2281-68798,NA,NA,T,NA
STEWBETMD1,2013-06-22,NA,NA,noData,2441-96451,NA,NA,T,NA
MYERBRUMD1,2014-06-25,NA,NA,noData,791-17240,NA,NA,T,NA
WISECELMD1,2013-07-09,NA,NA,noData,791-17257,NA,NA,T,NA
WISECELMD1,2013-07-19,NA,NA,noData,791-17258,NA,NA,T,NA
BLANBETMD1,2013-07-29,NA,NA,noData,2341-29395,NA,NA,T,NA
FISHFERVA1,2013-05-20,NA,NA,noData,2590-83047,NA,NA,T,NA
PERRCHRMD1,2013-07-26,NA,NA,noData,2421-34612,NA,NA,T,NA
SANFCARMD1,2013-07-24,NA,NA,noData,2341-30360,NA,NA,T,NA
JEWELIBMD1,2013-07-11,NA,NA,noData,2690-08423,NA,NA,T,NA
EDEREDWVA1,2013-07-23,NA,NA,noData,791-17275,NA,NA,T,NA
VERSBETMD1,2013-04-24,NA,NA,noData,2570-44717,NA,NA,T,NA
FARYSIMMD1,2013-06-29,NA,NA,noData,2441-96470,NA,NA,T,NA
REUTSHAMD1,2013-08-06,NA,NA,noData,2421-34635,NA,NA,T,NA
VONGJENMD1,2013-03-15,NA,NA,noData,2421-34632,NA,NA,T,NA
SINGDADMD1,2013-06-26,NA,NA,noData,2561-44911,NA,NA,T,NA
BRENSTEMD1,2013-03-15,NA,NA,noData,791-17285,NA,NA,T,NA
CRONCHRVA2,2013-07-02,NA,NA,noData,2441-96486,NA,NA,T,NA
MAZUJENMD1,2013-07-18,NA,NA,noData,2441-14177,NA,NA,T,NA
MAZUJENMD1,2013-07-18,NA,NA,noData,2421-34662,NA,NA,T,NA
MAZUJENMD1,2013-07-18,NA,NA,noData,2441-14178,NA,NA,T,NA
DAVIALIVA1,2013-04-03,NA,NA,noData,2690-08459,NA,NA,T,NA
BOONGREMD1,2013-07-19,NA,NA,noData,2590-82013,NA,NA,T,NA
HULLJEFVA1,2013-06-21,NA,NA,noData,2570-44738,NA,NA,T,NA
REITBOBMD1,2013-05-12,NA,NA,noData,2341-30379,NA,NA,T,NA
HUTCBARVA1,2013-07-08,NA,NA,noData,2561-44930,NA,NA,T,NA
GOCHJOAMD1,2013-08-02,NA,NA,noData,2421-34693,NA,NA,T,NA
WRIGVENMD1,2013-08-09,NA,NA,noData,2561-56827,NA,NA,T,NA
FREYFREMD1,2013-07-27,NA,NA,noData,2421-11513,NA,NA,T,NA
WARDDOUVA1,2013-06-10,NA,NA,noData,2531-90209,NA,NA,T,NA
WARDDOUVA1,2013-06-04,NA,NA,noData,2531-90212,NA,NA,T,NA
REITBOBMD1,2014-03-21,NA,NA,noData,1811-58816,NA,NA,T,NA
FREYFREMD1,2014-07-15,NA,NA,noData,2430-29212,NA,NA,T,NA
GIRAANGMD1,2014-06-19,NA,NA,noData,2301-55901,NA,NA,T,NA
VERSBETMD1,2014-03-31,NA,NA,noData,2540-62817,NA,NA,T,NA
LIEBJUDMD1,2014-06-09,NA,NA,noData,2540-62827,NA,NA,T,NA
ASSMCARMD1,2014-07-17,NA,NA,noData,2301-56535,NA,NA,T,NA
REITBOBMD1,2014-04-28,NA,NA,noData,2341-29605,NA,NA,T,NA
MOSMCARMD1,2014-06-19,NA,NA,noData,2411-37220,NA,NA,T,NA
BURDROBVA1,2014-04-21,NA,NA,noData,2590-82527,NA,NA,T,NA
PHELCLADC1,2014-05-09,NA,NA,noData,2441-14038,NA,NA,T,NA
YOUNELIMD1,2014-06-30,NA,NA,noData,2441-15032,NA,NA,T,NA
VERSBETMD1,2014-06-21,NA,NA,noData,2441-14041,NA,NA,T,NA
VONGJENMD1,2014-06-14,NA,NA,noData,2411-37407,NA,NA,T,NA
WIEBFRAMD1,2014-06-05,NA,NA,noData,2411-37428,NA,NA,T,NA
LAFOMELVA1,2014-05-26,NA,NA,noData,2411-37183,NA,NA,T,NA
YOUNKIMVA1,2014-04-25,NA,NA,noData,2590-82457,NA,NA,T,NA
LIEBJUDMD1,2014-06-09,NA,NA,noData,2441-96307,NA,NA,T,NA
SALOSHEMD1,2014-07-01,NA,NA,noData,2421-11622,NA,NA,T,NA
DALEELIMD1,2014-06-27,NA,NA,noData,2510-03876,NA,NA,T,NA
BROWANNMD1,2014-07-22,NA,NA,noData,2421-11751,NA,NA,T,NA
PADORAMVA1,2014-07-12,NA,NA,noData,2590-83010,NA,NA,T,NA
WISECELMD1,2014-05-01,NA,NA,noData,742-29468,NA,NA,T,NA
ASSMCARMD1,2014-07-17,NA,NA,noData,1292-64271,NA,NA,T,NA
ASSMCARMD1,2014-07-17,NA,NA,noData,2421-11486,NA,NA,T,NA
COLSKATMD1,2014-06-12,NA,NA,noData,2590-83036,NA,NA,T,NA
BUISNORVA1,2014-04-27,NA,NA,noData,2510-04393,NA,NA,T,NA
MULLJOYVA1,2014-06-30,NA,NA,noData,2561-44919,NA,NA,T,NA
SCHIMARMD1,2014-03-31,NA,NA,noData,2570-44729,NA,NA,T,NA
DAVIALIVA1,2014-04-23,NA,NA,noData,2690-08458,NA,NA,T,NA
HULLJEFVA1,2014-04-23,NA,NA,noData,2570-44738,NA,NA,T,NA
HULLJEFVA1,2014-04-26,NA,NA,noData,2561-44925,NA,NA,T,NA
ONTAHOUDC1,2014-06-26,NA,NA,noData,2561-44929,NA,NA,T,NA
GOCHJOAMD1,2014-07-25,NA,NA,noData,2421-34693,NA,NA,T,NA
DALEELIMD1,2014-06-27,NA,NA,noData,2561-56828,NA,NA,T,NA
WOLFKARDC1,2014-04-17,NA,NA,noData,2570-44760,NA,NA,T,NA
WARDDOUVA1,2014-06-17,NA,NA,noData,2531-90209,NA,NA,T,NA
LUCAJILMD1,2014-07-01,NA,NA,noData,2641-63909,NA,NA,T,NA
REITBOBMD1,2014-03-21,NA,NA,noData,2441-96522,NA,NA,T,NA
DAVIALIVA1,2014-07-03,NA,NA,noData,2690-18994,NA,NA,T,NA
NZPSMBCDC1,2014-04-28,NA,NA,noData,2641-63933,NA,NA,T,NA
ZAMBTRAMD1,2014-04-16,NA,NA,noData,2441-96541,NA,NA,T,NA
MARRPETMD2,2014-03-18,NA,NA,noData,1342-72967,NA,NA,T,NA
MARRPETMD2,2014-04-25,NA,NA,noData,2660-75747,NA,NA,T,NA
ROHRSALMD1,2014-05-18,NA,NA,noData,2710-25971,NA,NA,T,NA
LAFOMELVA1,2014-07-28,NA,NA,noData,2441-13840,NA,NA,T,NA
BROWANNMD1,2014-07-22,NA,NA,noData,2641-63659,NA,NA,T,NA
WISECELMD1,2014-04-25,NA,NA,noData,1232-94712,NA,NA,T,NA
WISECELMD1,2014-04-18,NA,NA,noData,2571-70324,NA,NA,T,NA
GECACARVA1,2014-04-24,NA,NA,noData,2710-53702,NA,NA,T,NA
BURNNANMD1,2014-06-26,NA,NA,noData,2690-08495,NA,NA,T,NA
BUISNORVA1,2014-03-15,NA,NA,noData,2531-74567,NA,NA,T,NA
BURDROBVA1,2014-04-21,NA,NA,noData,2641-63315,NA,NA,T,NA
RAUNERIMD2,2014-06-16,NA,NA,noData,2531-74574,NA,NA,T,NA
RAUNERIMD2,2014-06-16,NA,NA,noData,2531-74575,NA,NA,T,NA
STUECHRVA2,2014-07-19,NA,NA,noData,2531-90238,NA,NA,T,NA
DALEELIMD1,2014-06-27,NA,NA,noData,2710-54010,NA,NA,T,NA
BURDROBVA1,2014-06-26,NA,NA,noData,2660-75714,NA,NA,T,NA
CRONCHRVA2,2014-05-01,NA,NA,noData,2710-25936,NA,NA,T,NA
GECACARVA1,2014-04-24,NA,NA,noData,2690-18954,NA,NA,T,NA
MORRCHRVA1,2014-04-18,NA,NA,noData,2710-25949,NA,NA,T,NA
MORRCHRVA1,2014-04-18,NA,NA,noData,2710-25950,NA,NA,T,NA
FREYFREMD1,2015-06-19,NA,NA,noData,2301-56894,NA,NA,T,NA
MOSMCARMD1,2015-06-13,NA,NA,noData,2411-37220,NA,NA,T,NA
MORRCHRVA1,2015-04-23,NA,NA,noData,2590-82570,NA,NA,T,NA
HOROBONVA1,2015-07-09,NA,NA,noData,2411-37178,NA,NA,T,NA
EGGELESVA1,2015-04-13,NA,NA,noData,2441-15036,NA,NA,T,NA
LINDHANMD1,2015-04-26,NA,NA,noData,2441-96303,NA,NA,T,NA
ASSMCARMD1,2015-05-02,NA,NA,noData,1272-43117,NA,NA,T,NA
WOODELEVA1,2015-05-01,NA,NA,noData,2441-96431,NA,NA,T,NA
WISECELMD1,2015-04-11,NA,NA,noData,791-17257,NA,NA,T,NA
WOODELEVA1,2015-05-01,NA,NA,noData,2341-30355,NA,NA,T,NA
FISHFERVA1,2015-07-08,NA,NA,noData,791-17264,NA,NA,T,NA
VERSBETMD1,2015-05-12,NA,NA,noData,2570-44717,NA,NA,T,NA
FARYSIMMD1,2015-06-26,NA,NA,noData,2441-96471,NA,NA,T,NA
VONGJENMD1,2015-07-08,NA,NA,noData,2590-83072,NA,NA,T,NA
DELUKARVA1,2015-07-09,NA,NA,noData,2441-96477,NA,NA,T,NA
WILLRAJMD1,2015-06-13,NA,NA,noData,1292-64290,NA,NA,T,NA
YOUNKIMVA1,2015-05-13,NA,NA,noData,2561-44923,NA,NA,T,NA
LINDHANMD1,2015-04-13,NA,NA,noData,2690-08451,NA,NA,T,NA
MAZUJENMD1,2015-05-14,NA,NA,noData,2421-34662,NA,NA,T,NA
BRIGKIMMD1,2015-05-18,NA,NA,noData,2590-82011,NA,NA,T,NA
SOLIAPRMD1,2015-07-16,NA,NA,noData,2341-30389,NA,NA,T,NA
WOLFKARDC1,2015-04-19,NA,NA,noData,2570-44760,NA,NA,T,NA
BURDROBVA1,2015-04-25,NA,NA,noData,2460-22991,NA,NA,T,NA
BLOCDAVMD1,2015-07-11,NA,NA,noData,2441-96351,NA,NA,T,NA
BLOCDAVMD1,2015-07-11,NA,NA,noData,2641-63926,NA,NA,T,NA
LAKEAESVA1,2015-04-21,NA,NA,noData,2641-63930,NA,NA,T,NA
DAVIALIVA1,2015-04-30,NA,NA,noData,2690-18994,NA,NA,T,NA
MARRPETMD2,2015-04-09,NA,NA,noData,1342-72967,NA,NA,T,NA
MARRPETMD2,2015-06-30,NA,NA,noData,2531-74562,NA,NA,T,NA
ROHRSALMD1,2015-05-07,NA,NA,noData,2710-25968,NA,NA,T,NA
DELUKARVA1,2015-07-09,NA,NA,noData,2661-07904,NA,NA,T,NA
BOONGREMD1,2015-06-16,NA,NA,noData,2441-96561,NA,NA,T,NA
BUISNORVA1,2015-07-06,NA,NA,noData,2531-74567,NA,NA,T,NA
GALLTERMD1,2015-06-09,NA,NA,noData,2531-74570,NA,NA,T,NA
STUECHRVA2,2015-03-15,NA,NA,noData,2531-90240,NA,NA,T,NA
NEWBCARVA1,2015-04-20,NA,NA,noData,2710-53905,NA,NA,T,NA
JAMESESVA1,2015-06-11,NA,NA,noData,2561-56879,NA,NA,T,NA
LAKEAESVA1,2015-04-23,NA,NA,noData,1272-43178,NA,NA,T,NA
STEWBETMD1,2015-04-23,NA,NA,noData,2710-25933,NA,NA,T,NA
EVANMICMD1,2015-07-10,NA,NA,noData,2660-75731,NA,NA,T,NA
FUISLISVA2,2015-07-21,NA,NA,noData,2571-90165,NA,NA,T,NA
BAILEESVA1,2015-04-15,NA,NA,noData,1472-43188,NA,NA,T,NA
BAILEESVA1,2015-04-27,NA,NA,noData,1272-43189,NA,NA,T,NA
NEWBCARVA1,2015-04-20,NA,NA,noData,2710-53938,NA,NA,T,NA
NEWBCARVA1,2015-03-30,NA,NA,noData,2421-11942,NA,NA,T,NA
BAILEESVA1,2015-04-29,NA,NA,noData,2710-53940,NA,NA,T,NA
BAILEESVA1,2015-04-27,NA,NA,noData,1292-64537,NA,NA,T,NA
PATTPARMD1,2015-06-01,NA,NA,noData,2421-11953,NA,NA,T,NA
BARBJERMD1,2015-06-18,NA,NA,noData,2641-63959,NA,NA,T,NA
TATEJUAMD1,2015-04-14,NA,NA,noData,2641-63971,NA,NA,T,NA
ONTAHOUDC1,2015-06-16,NA,NA,noData,2421-11983,NA,NA,T,NA
DAVIKELVA1,2015-03-29,NA,NA,noData,2710-54316,NA,NA,T,NA
FARYSIMMD1,2015-06-26,NA,NA,noData,1352-46523,NA,NA,T,NA
WIEBFRAMD1,2015-04-16,NA,NA,noData,2571-70333,NA,NA,T,NA
LIEBJUDMD1,2015-05-29,NA,NA,noData,2641-63758,NA,NA,T,NA
WISECELMD1,2015-04-11,NA,NA,noData,1232-94725,NA,NA,T,NA
SOLLCHRMD1,2015-05-28,NA,NA,noData,2690-95966,NA,NA,T,NA
SOLLCHRMD1,2015-04-17,NA,NA,noData,2690-95968,NA,NA,T,NA
FISHFERVA1,2015-07-08,NA,NA,noData,2571-70347,NA,NA,T,NA
FISHFERVA1,2015-06-13,NA,NA,noData,1232-94726,NA,NA,T,NA
FISHFERVA1,2015-05-08,NA,NA,noData,1232-94727,NA,NA,T,NA
BUISNORVA1,2015-07-06,NA,NA,noData,2571-90063,NA,NA,T,NA
WILLRAJMD1,2015-06-13,NA,NA,noData,1352-46525,NA,NA,T,NA
BOONGREMD1,2015-06-16,NA,NA,noData,2641-63847,NA,NA,T,NA
PADORAMVA1,2015-06-24,NA,NA,noData,2641-63860,NA,NA,T,NA
WIKACORMD1,2015-06-29,NA,NA,noData,2641-86578,NA,NA,T,NA
GOMEKARMD1,2015-06-25,NA,NA,noData,2641-63878,NA,NA,T,NA
MUTRCYNVA2,2015-07-08,NA,NA,noData,2641-63880,NA,NA,T,NA
MUTRCYNVA2,2015-07-08,NA,NA,noData,2641-63881,NA,NA,T,NA
MUTRCYNVA2,2015-07-08,NA,NA,noData,2341-30161,NA,NA,T,NA
LAFOMELVA1,2015-04-11,NA,NA,noData,2710-53984,NA,NA,T,NA
LINDHANMD1,2015-04-26,NA,NA,noData,2641-96597,NA,NA,T,NA
LINDHANMD1,2015-04-26,NA,NA,noData,2571-89949,NA,NA,T,NA
LINDHANMD1,2015-07-27,NA,NA,noData,2571-89952,NA,NA,T,NA
DAVIALIVA1,2015-07-16,NA,NA,noData,2641-63794,NA,NA,T,NA
JACOSYDMD1,2015-04-17,NA,NA,noData,2730-24773,NA,NA,T,NA
JACOSYDMD1,2015-04-17,NA,NA,noData,2730-24775,NA,NA,T,NA
DECHKIMMD2,2015-05-18,NA,NA,noData,2730-24770,NA,NA,T,NA
BLOCDAVMD1,2015-07-11,NA,NA,noData,2571-70361,NA,NA,T,NA
MCNAKRIMD1,2015-07-15,NA,NA,noData,2531-90270,NA,NA,T,NA
JACOMERMD1,2015-07-16,NA,NA,noData,2571-90095,NA,NA,T,NA
SUBRSTEMD1,2015-04-22,NA,NA,noData,2571-90068,NA,NA,T,NA
EDEREDWVA1,2015-04-15,NA,NA,noData,2660-75766,NA,NA,T,NA
WISECELMD1,2015-04-11,NA,NA,noData,2730-24718,NA,NA,T,NA
STEWBETMD1,2015-07-29,NA,NA,noData,2661-31540,NA,NA,T,NA
STEWBETMD1,2015-07-29,NA,NA,noData,2661-31543,NA,NA,T,NA
MCNAKRIMD1,2015-07-15,NA,NA,noData,2531-90268,NA,NA,T,NA
MORRCHRVA1,2015-04-23,NA,NA,noData,2710-25956,NA,NA,T,NA
COWLANDMD1,2002-05-10,NA,NA,noData,1141-05620,NA,NA,T,NA
COWLANDMD1,2002-06-28,NA,NA,noData,1141-05620,NA,NA,T,NA
BRENSTEMD1,2004-05-19,NA,NA,noData,1811-58601,NA,NA,T,NA
GEHRDALMD1,2005-06-06,NA,NA,noData,1801-77868,NA,NA,T,NA
GEHRDALMD1,2005-07-07,NA,NA,noData,1801-77868,NA,NA,T,NA
FREYFREMD1,2007-05-19,NA,NA,noData,2430-29212,NA,NA,T,NA
NEWBCARVA1,2008-07-11,NA,NA,noData,1991-21138,NA,NA,T,NA
GECACARVA1,2008-06-18,NA,NA,noData,2460-22847,NA,NA,T,NA
RAUNERIMD1,2009-05-11,NA,NA,noData,1951-20960,NA,NA,T,NA
RAUNERIMD1,2009-07-22,NA,NA,noData,1991-46150,NA,NA,T,NA
WOODPAUVA1,2009-05-20,NA,NA,noData,2301-08219,NA,NA,T,NA
REITBOBMD1,2009-06-01,NA,NA,noData,2301-56791,NA,NA,T,NA
REITBOBMD1,2009-08-26,NA,NA,noData,2301-56791,NA,NA,T,NA
REITBOBMD1,2009-05-15,NA,NA,noData,2301-56785,NA,NA,T,NA
REITBOBMD1,2009-09-15,NA,NA,noData,2301-56785,NA,NA,T,NA
REITBOBMD1,2010-06-10,NA,NA,noData,2261-38311,NA,NA,T,NA
REITBOBMD1,2010-07-06,NA,NA,noData,2261-38311,NA,NA,T,NA
STEWBETMD1,2010-06-05,NA,NA,noData,2281-69406,NA,NA,T,NA
LANDCELVA1,2010-06-04,NA,NA,noData,2281-69118,NA,NA,T,NA
MCDOELIVA1,2010-07-17,NA,NA,noData,1232-88302,NA,NA,T,NA
SUBRSTEMD1,2010-05-29,NA,NA,noData,2251-80091,NA,NA,T,NA
PERRCHRMD1,2010-07-07,NA,NA,noData,2301-56601,NA,NA,T,NA
COLSKATMD1,2010-06-30,NA,NA,noData,2460-22747,NA,NA,T,NA
WOODPAUVA1,2010-06-30,NA,NA,noData,1931-74812,NA,NA,T,NA
LANDCELVA1,2010-07-10,NA,NA,noData,2301-56632,NA,NA,T,NA
STEWBETMD1,2010-06-05,NA,NA,noData,2301-56641,NA,NA,T,NA
REITBOBMD1,2010-06-13,NA,NA,noData,2341-29605,NA,NA,T,NA
REITBOBMD1,2010-07-06,NA,NA,noData,2341-29605,NA,NA,T,NA
FARYSIMMD1,2010-05-14,NA,NA,noData,2301-55938,NA,NA,T,NA
STEWBETMD1,2010-06-05,NA,NA,noData,2540-62887,NA,NA,T,NA
FISHFERVA1,2010-07-03,NA,NA,noData,2411-37711,NA,NA,T,NA
FISHFERVA1,2010-07-03,NA,NA,noData,2411-37713,NA,NA,T,NA
GECACARVA1,2010-07-02,NA,NA,noData,2441-14108,NA,NA,T,NA
GECACARVA1,2010-07-02,NA,NA,noData,2590-82407,NA,NA,T,NA
TATEJUAMD1,2010-06-22,NA,NA,noData,2411-37754,NA,NA,T,NA
LANDCELVA1,2010-06-04,NA,NA,noData,1292-64325,NA,NA,T,NA
LANDCELVA1,2010-06-04,NA,NA,noData,2441-14123,NA,NA,T,NA
VERSBETMD1,2010-05-29,NA,NA,noData,2441-14041,NA,NA,T,NA
NZPSMBCDC1,2010-12-16,NA,NA,noData,2441-15034,NA,NA,T,NA
NZPSMBCDC1,2010-01-27,NA,NA,noData,2441-15034,NA,NA,T,NA
REITBOBMD1,2011-03-12,NA,NA,noData,1202-99063,NA,NA,T,NA
REITBOBMD1,2011-04-05,NA,NA,noData,1202-99063,NA,NA,T,NA
WOODPAUVA1,2012-04-29,NA,NA,noData,1931-74812,NA,NA,T,NA
GECACARVA1,2012-06-26,NA,NA,noData,2441-14108,NA,NA,T,NA
REITBOBMD1,2012-07-07,NA,NA,noData,2301-56785,NA,NA,T,NA
REITBOBMD1,2012-09-10,NA,NA,noData,2301-56785,NA,NA,T,NA
VONGJENMD1,2012-06-07,NA,NA,noData,2411-37406,NA,NA,T,NA
HUNTDAVMD2,2012-06-29,NA,NA,noData,2411-37543,NA,NA,T,NA
CAMPGLOMD1,2013-07-01,NA,NA,noData,2301-56982,NA,NA,T,NA
TATEJUAMD1,2014-06-19,NA,NA,noData,2421-34682,NA,NA,T,NA
TATEJUAMD1,2014-06-19,NA,NA,noData,2641-63670,NA,NA,T,NA
TATEJUAMD1,2015-06-17,NA,NA,noData,2641-63972,NA,NA,T,NA
SILLSCOMD1,2015-04-09,NA,NA,noData,2571-70337,NA,NA,T,NA
SILLSCOMD1,2015-07-23,NA,NA,noData,2571-70337,NA,NA,T,NA
GOCHJOAMD1,2015-06-20,NA,NA,noData,2641-63882,NA,NA,T,NA
MCKEJANMD1,2002-06-11,NA,NA,noData,1920-85886,NA,NA,T,NA
GARDVALMD1,2002-08-12,NA,NA,noData,8209-74586,NA,NA,T,NA
FREYFREMD1,2002-05-11,NA,NA,noData,791-17074,NA,NA,T,NA
CAMPROSMD1,2002-06-26,NA,NA,noData,1141-05577,NA,NA,T,NA
GIBSELAMD1,2002-06-20,NA,NA,noData,1751-51984,NA,NA,T,NA
BERNCHRMD1,2002-04-26,NA,NA,noData,8001-21304,NA,NA,T,NA
BLOCDAVMD1,2002-06-23,NA,NA,noData,1141-05611,NA,NA,T,NA
TATEJUAMD1,2002-06-18,NA,NA,noData,1751-51948,NA,NA,T,NA
BALAELEMD1,2002-07-10,NA,NA,noData,2250-24207,NA,NA,T,NA
STURCARMD1,2002-06-06,NA,NA,noData,2250-24059,NA,NA,T,NA
HUNTDAVMD2,2002-05-29,NA,NA,noData,2250-24403,NA,NA,T,NA
MISBJANMD1,2002-06-20,NA,NA,noData,2250-24032,NA,NA,T,NA
ROHRSALMD1,2003-04-30,NA,NA,noData,791-17033,NA,NA,T,NA
CAMPLIBMD1,2007-05-22,NA,NA,noData,2430-29223,NA,NA,T,NA
CAMPLIBMD1,2007-05-22,NA,NA,noData,2430-29224,NA,NA,T,NA
WILLTINVA1,2008-01-21,NA,NA,noData,2281-69446,NA,NA,T,NA
WILLTINVA1,2009-05-12,NA,NA,noData,2281-69446,NA,NA,T,NA
CAMPGLOMD1,2008-01-11,NA,NA,noData,2281-69466,NA,NA,T,NA
CAMPGLOMD1,2009-04-23,NA,NA,noData,2281-69466,NA,NA,T,NA
BALASUCMD1,2009-03-28,NA,NA,noData,2301-55930,NA,NA,T,NA
BALASUCMD1,2009-04-22,NA,NA,noData,2301-55930,NA,NA,T,NA
WARDDOUVA1,2009-06-28,NA,NA,noData,1991-46192,NA,NA,T,NA
FREYFREMD1,2009-04-16,NA,NA,noData,2341-30143,NA,NA,T,NA
FREYFREMD1,2009-05-25,NA,NA,noData,2341-30143,NA,NA,T,NA
WARDDOUVA1,2010-06-05,NA,NA,noData,1991-46191,NA,NA,T,NA
WOODPAUVA1,2010-03-24,NA,NA,noData,841-76358,NA,NA,T,NA
WOODPAUVA1,2010-12-31,NA,NA,noData,841-76358,NA,NA,T,NA
WILDANNVA1,2010-06-26,NA,NA,noData,2441-14140,NA,NA,T,NA
VONGJENMD1,2010-04-10,NA,NA,noData,2590-82308,NA,NA,T,NA
VONGJENMD1,2010-09-07,NA,NA,noData,2590-82308,NA,NA,T,NA
VONGJENMD1,2010-04-10,NA,NA,noData,2441-14203,NA,NA,T,NA
VONGJENMD1,2010-06-08,NA,NA,noData,2441-14203,NA,NA,T,NA
VONGJENMD1,2010-08-22,NA,NA,noData,2441-14203,NA,NA,T,NA
VONGJENMD1,2010-12-16,NA,NA,noData,2441-14203,NA,NA,T,NA
SALAJENMD1,2010-06-23,NA,NA,noData,2441-14209,NA,NA,T,NA
SALAJENMD1,2010-07-24,NA,NA,noData,2441-14209,NA,NA,T,NA
CAMPGLOMD1,2012-03-01,NA,NA,noData,2301-56611,NA,NA,T,NA
MARRPETMD2,2013-05-13,NA,NA,noData,2690-08473,NA,NA,T,NA
MARRPETMD2,2013-06-27,NA,NA,noData,2690-08473,NA,NA,T,NA
BEALTOMMD1,2014-07-22,NA,NA,noData,2441-96553,NA,NA,T,NA
BEALTOMMD1,2014-10-06,NA,NA,noData,2441-96553,NA,NA,T,NA
BEALTOMMD1,2014-12-03,NA,NA,noData,2441-96553,NA,NA,T,NA
KNIGSALVA1,2015-10-27,NA,NA,noData,2441-96389,NA,NA,T,NA
YOUNKIMVA1,2013-06-15,NA,NA,noData,2590-82457,NA,NA,T,NA
ANDRJENFL1,2011-05-31,NA,NA,noData,2661-07643,NA,NA,T,NA
ANDRJENFL1,2015-04-30,NA,NA,noData,2331-09326,NA,NA,T,NA
ANDRJENFL1,2015-04-30,NA,NA,noData,2661-07645,NA,NA,T,NA
ANDRJENFL1,2015-04-30,NA,NA,noData,2661-31323,NA,NA,T,NA
BLOOLEEFL1,2015-04-30,NA,NA,noData,2661-07789,NA,NA,T,NA
BLOOLEEFL1,2015-04-30,NA,NA,noData,1991-18040,NA,NA,T,NA
CARLDAVFL1,2011-05-31,NA,NA,noData,2661-07624,NA,NA,T,NA
CHERNADFL1,2011-05-31,NA,NA,noData,2661-31362,NA,NA,T,NA
CHURCARFL1,2011-06-30,NA,NA,noData,2531-99372,NA,NA,T,NA
DAYLAUFL1,2011-06-30,NA,NA,noData,2331-09172,NA,NA,T,NA
DAYLAUFL1,2011-06-30,NA,NA,noData,2571-90289,NA,NA,T,NA
DAYLAUFL1,2013-05-31,NA,NA,noData,1292-71301,NA,NA,T,NA
FAULCRAFL1,2014-11-30,NA,NA,noData,2661-07748,NA,NA,T,NA
FAULCRAFL1,2014-11-30,NA,NA,noData,2661-31319,NA,NA,T,NA
FAULCRAFL1,2015-03-31,NA,NA,noData,2661-31319,NA,NA,T,NA
FAULCRAFL1,2015-04-30,NA,NA,noData,2661-07748,NA,NA,T,NA
FLAGMARFL1,2011-05-31,NA,NA,noData,2590-82080,NA,NA,T,NA
FLAMSCOFL1,2015-04-30,NA,NA,noData,2661-31317,NA,NA,T,NA
GOWAGEOFL1,2011-05-31,NA,NA,noData,2590-82094,NA,NA,T,NA
GOWAGEOFL1,2011-05-31,NA,NA,noData,2661-07766,NA,NA,T,NA
GOWAJOAFL1,2013-04-30,NA,NA,noData,1991-18084,NA,NA,T,NA
GRANIANFL1,2012-07-31,NA,NA,noData,1991-18024,NA,NA,T,NA
GRANIANFL1,2012-07-31,NA,NA,noData,1991-18025,NA,NA,T,NA
GRANIANFL1,2012-01-31,NA,NA,noData,1991-18024,NA,NA,T,NA
GRANIANFL1,2013-03-31,NA,NA,noData,2571-70429,NA,NA,T,NA
GRINJENFL1,2012-02-28,NA,NA,noData,2571-70482,NA,NA,T,NA
GRINJENFL1,2013-03-31,NA,NA,noData,2571-70482,NA,NA,T,NA
GRINJENFL1,2013-04-30,NA,NA,noData,2571-70482,NA,NA,T,NA
GRINJENFL1,2013-05-31,NA,NA,noData,2571-70482,NA,NA,T,NA
HENJELAFL1,2011-05-31,NA,NA,noData,2710-25710,NA,NA,T,NA
HENJELAFL1,2011-05-31,NA,NA,noData,2640-61839,NA,NA,T,NA
HERRJAYFL1,2011-06-30,NA,NA,noData,2531-99362,NA,NA,T,NA
HOUSEPREFL1,2011-06-30,NA,NA,noData,2531-99366,NA,NA,T,NA
KENTADAFL1,2011-05-31,NA,NA,noData,2661-31343,NA,NA,T,NA
KENTADAFL1,2011-05-31,NA,NA,noData,2661-31350,NA,NA,T,NA
KENTADAFL1,2011-05-31,NA,NA,noData,2641-96716,NA,NA,T,NA
KENTADAFL1,2011-05-31,NA,NA,noData,2661-31345,NA,NA,T,NA
KENTADAFL1,2012-07-31,NA,NA,noData,2640-61857,NA,NA,T,NA
KENTADAFL1,2012-07-31,NA,NA,noData,2640-61858,NA,NA,T,NA
KENTADAFL1,2012-07-31,NA,NA,noData,2640-61859,NA,NA,T,NA
KENTADAFL1,2012-07-31,NA,NA,noData,2640-61856,NA,NA,T,NA
KENTADAFL1,2012-07-31,NA,NA,noData,2571-70457,NA,NA,T,NA
KENTADAFL1,2012-07-31,NA,NA,noData,2571-70456,NA,NA,T,NA
KENTADAFL1,2012-07-31,NA,NA,noData,2571-70455,NA,NA,T,NA
KENTADAFL1,2012-07-31,NA,NA,noData,2571-70454,NA,NA,T,NA
KENTADAFL1,2012-07-31,NA,NA,noData,2571-70458,NA,NA,T,NA
KENTADAFL1,2012-07-31,NA,NA,noData,2331-09114,NA,NA,T,NA
KENTADAFL1,2012-07-31,NA,NA,noData,1991-18077,NA,NA,T,NA
KENTADAFL1,2012-07-31,NA,NA,noData,1991-18079,NA,NA,T,NA
KENTADAFL1,2012-07-31,NA,NA,noData,2331-09111,NA,NA,T,NA
KENTADAFL1,2012-07-31,NA,NA,noData,1991-18078,NA,NA,T,NA
KENTADAFL1,2012-07-31,NA,NA,noData,1991-18081,NA,NA,T,NA
KENTADAFL1,2012-07-31,NA,NA,noData,2331-09106,NA,NA,T,NA
KENTADAFL1,2012-07-31,NA,NA,noData,1991-18080,NA,NA,T,NA
KENTADAFL1,2012-07-31,NA,NA,noData,2331-09109,NA,NA,T,NA
KENTADAFL1,2012-07-31,NA,NA,noData,2331-09110,NA,NA,T,NA
KENTADAFL1,2012-07-31,NA,NA,noData,2331-09107,NA,NA,T,NA
KENTADAFL1,2012-07-31,NA,NA,noData,2331-09108,NA,NA,T,NA
KENTADAFL1,2012-07-31,NA,NA,noData,2331-09112,NA,NA,T,NA
KENTADAFL1,2012-07-31,NA,NA,noData,2331-09113,NA,NA,T,NA
KENTADAFL1,2012-08-31,NA,NA,noData,2640-61857,NA,NA,T,NA
KENTADAFL1,2012-08-31,NA,NA,noData,2640-61858,NA,NA,T,NA
KENTADAFL1,2012-08-31,NA,NA,noData,2640-61859,NA,NA,T,NA
KENTADAFL1,2012-08-31,NA,NA,noData,2640-61856,NA,NA,T,NA
KENTADAFL1,2012-08-31,NA,NA,noData,2331-09108,NA,NA,T,NA
KENTADAFL1,2012-09-30,NA,NA,noData,2640-61857,NA,NA,T,NA
KENTADAFL1,2012-09-30,NA,NA,noData,2640-61858,NA,NA,T,NA
KENTADAFL1,2012-09-30,NA,NA,noData,2640-61859,NA,NA,T,NA
KENTADAFL1,2012-09-30,NA,NA,noData,2640-61856,NA,NA,T,NA
KENTADAFL1,2012-09-30,NA,NA,noData,2331-09108,NA,NA,T,NA
KENTADAFL1,2012-09-30,NA,NA,noData,2331-09112,NA,NA,T,NA
KENTADAFL1,2012-09-30,NA,NA,noData,2331-09113,NA,NA,T,NA
KENTADAFL1,2012-10-31,NA,NA,noData,2640-61857,NA,NA,T,NA
KENTADAFL1,2012-10-31,NA,NA,noData,2640-61858,NA,NA,T,NA
KENTADAFL1,2012-10-31,NA,NA,noData,2640-61859,NA,NA,T,NA
KENTADAFL1,2012-10-31,NA,NA,noData,2640-61856,NA,NA,T,NA
KENTADAFL1,2012-10-31,NA,NA,noData,2571-70455,NA,NA,T,NA
KENTADAFL1,2012-10-31,NA,NA,noData,2331-09115,NA,NA,T,NA
KENTADAFL1,2012-10-31,NA,NA,noData,1991-18078,NA,NA,T,NA
KENTADAFL1,2012-10-31,NA,NA,noData,1991-18080,NA,NA,T,NA
KENTADAFL1,2012-10-31,NA,NA,noData,2331-09107,NA,NA,T,NA
KENTADAFL1,2012-10-31,NA,NA,noData,2331-09112,NA,NA,T,NA
KENTADAFL1,2012-10-31,NA,NA,noData,2331-09113,NA,NA,T,NA
KENTADAFL1,2012-11-30,NA,NA,noData,2640-61857,NA,NA,T,NA
KENTADAFL1,2012-11-30,NA,NA,noData,2640-61858,NA,NA,T,NA
KENTADAFL1,2012-11-30,NA,NA,noData,2640-61859,NA,NA,T,NA
KENTADAFL1,2012-11-30,NA,NA,noData,2640-61856,NA,NA,T,NA
KENTADAFL1,2012-11-30,NA,NA,noData,2571-70455,NA,NA,T,NA
KENTADAFL1,2012-11-30,NA,NA,noData,2331-09114,NA,NA,T,NA
KENTADAFL1,2012-11-30,NA,NA,noData,1991-18077,NA,NA,T,NA
KENTADAFL1,2012-11-30,NA,NA,noData,1991-18078,NA,NA,T,NA
KENTADAFL1,2012-11-30,NA,NA,noData,1991-18080,NA,NA,T,NA
KENTADAFL1,2012-11-30,NA,NA,noData,2331-09112,NA,NA,T,NA
KENTADAFL1,2012-12-31,NA,NA,noData,2640-61857,NA,NA,T,NA
KENTADAFL1,2012-12-31,NA,NA,noData,2640-61858,NA,NA,T,NA
KENTADAFL1,2012-12-31,NA,NA,noData,2640-61856,NA,NA,T,NA
KENTADAFL1,2012-12-31,NA,NA,noData,2571-70455,NA,NA,T,NA
KENTADAFL1,2012-12-31,NA,NA,noData,2331-09114,NA,NA,T,NA
KENTADAFL1,2012-12-31,NA,NA,noData,1991-18077,NA,NA,T,NA
KENTADAFL1,2012-12-31,NA,NA,noData,2331-09115,NA,NA,T,NA
KENTADAFL1,2012-12-31,NA,NA,noData,1991-18078,NA,NA,T,NA
KENTADAFL1,2012-12-31,NA,NA,noData,1991-18080,NA,NA,T,NA
KENTADAFL1,2012-12-31,NA,NA,noData,2331-09112,NA,NA,T,NA
KENTADAFL1,2012-01-31,NA,NA,noData,2640-61857,NA,NA,T,NA
KENTADAFL1,2012-01-31,NA,NA,noData,2640-61858,NA,NA,T,NA
KENTADAFL1,2012-01-31,NA,NA,noData,2640-61856,NA,NA,T,NA
KENTADAFL1,2012-01-31,NA,NA,noData,2571-70455,NA,NA,T,NA
KENTADAFL1,2012-01-31,NA,NA,noData,2331-09114,NA,NA,T,NA
KENTADAFL1,2012-01-31,NA,NA,noData,1991-18078,NA,NA,T,NA
KENTADAFL1,2012-02-28,NA,NA,noData,2640-61858,NA,NA,T,NA
KENTADAFL1,2012-02-28,NA,NA,noData,2640-61856,NA,NA,T,NA
KENTADAFL1,2012-02-28,NA,NA,noData,2571-70455,NA,NA,T,NA
KENTADAFL1,2013-03-31,NA,NA,noData,2640-61858,NA,NA,T,NA
KENTADAFL1,2013-03-31,NA,NA,noData,2640-61856,NA,NA,T,NA
KENTADAFL1,2013-03-31,NA,NA,noData,2571-70455,NA,NA,T,NA
KENTADAFL1,2013-03-31,NA,NA,noData,2331-09114,NA,NA,T,NA
KENTADAFL1,2013-03-31,NA,NA,noData,1991-18078,NA,NA,T,NA
KENTADAFL1,2013-03-31,NA,NA,noData,2331-09112,NA,NA,T,NA
KENTADAFL1,2013-04-30,NA,NA,noData,2640-61858,NA,NA,T,NA
KENTADAFL1,2013-04-30,NA,NA,noData,2640-61856,NA,NA,T,NA
KENTADAFL1,2013-04-30,NA,NA,noData,2571-70455,NA,NA,T,NA
KENTADAFL1,2013-04-30,NA,NA,noData,1991-18077,NA,NA,T,NA
KENTADAFL1,2013-04-30,NA,NA,noData,1991-18078,NA,NA,T,NA
KENTADAFL1,2013-06-30,NA,NA,noData,2640-61858,NA,NA,T,NA
KENTADAFL1,2013-06-30,NA,NA,noData,2571-70455,NA,NA,T,NA
KENTADAFL1,2013-06-30,NA,NA,noData,2571-90250,NA,NA,T,NA
KENTADAFL1,2013-06-30,NA,NA,noData,2571-90251,NA,NA,T,NA
KENTADAFL1,2013-06-30,NA,NA,noData,1991-18078,NA,NA,T,NA
KENTADAFL1,2013-06-30,NA,NA,noData,2331-09148,NA,NA,T,NA
KENTADAFL1,2013-06-30,NA,NA,noData,2331-09112,NA,NA,T,NA
KENTADAFL1,2013-08-31,NA,NA,noData,2640-61858,NA,NA,T,NA
KENTADAFL1,2013-08-31,NA,NA,noData,2640-61856,NA,NA,T,NA
KENTADAFL1,2013-08-31,NA,NA,noData,2571-90250,NA,NA,T,NA
KENTADAFL1,2013-08-31,NA,NA,noData,2571-90251,NA,NA,T,NA
KENTADAFL1,2013-08-31,NA,NA,noData,1991-18077,NA,NA,T,NA
KENTADAFL1,2013-08-31,NA,NA,noData,2331-09148,NA,NA,T,NA
KENTADAFL1,2013-09-30,NA,NA,noData,2640-61858,NA,NA,T,NA
KENTADAFL1,2013-09-30,NA,NA,noData,2640-61856,NA,NA,T,NA
KENTADAFL1,2013-09-30,NA,NA,noData,2571-90250,NA,NA,T,NA
KENTADAFL1,2013-09-30,NA,NA,noData,2571-90251,NA,NA,T,NA
KENTADAFL1,2013-09-30,NA,NA,noData,1991-18078,NA,NA,T,NA
KENTADAFL1,2013-09-30,NA,NA,noData,2331-09148,NA,NA,T,NA
KENTADAFL1,2013-10-31,NA,NA,noData,2640-61858,NA,NA,T,NA
KENTADAFL1,2013-10-31,NA,NA,noData,2640-61856,NA,NA,T,NA
KENTADAFL1,2013-10-31,NA,NA,noData,2571-90250,NA,NA,T,NA
KENTADAFL1,2013-10-31,NA,NA,noData,2571-90251,NA,NA,T,NA
KENTADAFL1,2013-10-31,NA,NA,noData,2331-09114,NA,NA,T,NA
KENTADAFL1,2013-10-31,NA,NA,noData,1991-18078,NA,NA,T,NA
KENTADAFL1,2013-10-31,NA,NA,noData,2331-09148,NA,NA,T,NA
KENTADAFL1,2013-11-30,NA,NA,noData,2640-61858,NA,NA,T,NA
KENTADAFL1,2013-11-30,NA,NA,noData,2640-61856,NA,NA,T,NA
KENTADAFL1,2013-11-30,NA,NA,noData,2571-90250,NA,NA,T,NA
KENTADAFL1,2013-11-30,NA,NA,noData,2571-90251,NA,NA,T,NA
KENTADAFL1,2013-11-30,NA,NA,noData,2331-09114,NA,NA,T,NA
KENTADAFL1,2013-11-30,NA,NA,noData,1991-18077,NA,NA,T,NA
KENTADAFL1,2013-11-30,NA,NA,noData,1991-18078,NA,NA,T,NA
KENTADAFL1,2013-11-30,NA,NA,noData,2331-09148,NA,NA,T,NA
KENTADAFL1,2013-12-31,NA,NA,noData,2640-61858,NA,NA,T,NA
KENTADAFL1,2013-12-31,NA,NA,noData,2640-61856,NA,NA,T,NA
KENTADAFL1,2013-12-31,NA,NA,noData,2571-90250,NA,NA,T,NA
KENTADAFL1,2013-12-31,NA,NA,noData,2571-90251,NA,NA,T,NA
KENTADAFL1,2013-12-31,NA,NA,noData,2331-09114,NA,NA,T,NA
KENTADAFL1,2013-12-31,NA,NA,noData,1991-18077,NA,NA,T,NA
KENTADAFL1,2013-12-31,NA,NA,noData,1991-18078,NA,NA,T,NA
KENTADAFL1,2013-12-31,NA,NA,noData,2331-09148,NA,NA,T,NA
KENTADAFL1,2013-01-31,NA,NA,noData,2640-61858,NA,NA,T,NA
KENTADAFL1,2013-01-31,NA,NA,noData,2640-61856,NA,NA,T,NA
KENTADAFL1,2013-01-31,NA,NA,noData,2571-90250,NA,NA,T,NA
KENTADAFL1,2013-01-31,NA,NA,noData,2571-90251,NA,NA,T,NA
KENTADAFL1,2013-01-31,NA,NA,noData,1991-18077,NA,NA,T,NA
KENTADAFL1,2013-01-31,NA,NA,noData,1991-18078,NA,NA,T,NA
KENTADAFL1,2013-01-31,NA,NA,noData,2331-09148,NA,NA,T,NA
KENTADAFL1,2013-02-28,NA,NA,noData,2640-61858,NA,NA,T,NA
KENTADAFL1,2013-02-28,NA,NA,noData,2640-61856,NA,NA,T,NA
KENTADAFL1,2013-02-28,NA,NA,noData,2571-90250,NA,NA,T,NA
KENTADAFL1,2013-02-28,NA,NA,noData,2571-90251,NA,NA,T,NA
KENTADAFL1,2013-02-28,NA,NA,noData,1991-18078,NA,NA,T,NA
KENTADAFL1,2013-02-28,NA,NA,noData,2331-09148,NA,NA,T,NA
KENTADAFL1,2014-03-31,NA,NA,noData,2640-61858,NA,NA,T,NA
KENTADAFL1,2014-03-31,NA,NA,noData,2640-61856,NA,NA,T,NA
KENTADAFL1,2014-03-31,NA,NA,noData,2571-90250,NA,NA,T,NA
KENTADAFL1,2014-03-31,NA,NA,noData,2571-90251,NA,NA,T,NA
KENTADAFL1,2014-03-31,NA,NA,noData,1991-18078,NA,NA,T,NA
KENTADAFL1,2014-04-30,NA,NA,noData,2640-61858,NA,NA,T,NA
KENTADAFL1,2014-04-30,NA,NA,noData,2571-90251,NA,NA,T,NA
KENTADAFL1,2014-04-30,NA,NA,noData,2331-09148,NA,NA,T,NA
KENTADAFL1,2014-05-31,NA,NA,noData,2640-61858,NA,NA,T,NA
KENTADAFL1,2014-05-31,NA,NA,noData,2640-61856,NA,NA,T,NA
KENTADAFL1,2014-05-31,NA,NA,noData,2571-90250,NA,NA,T,NA
KENTADAFL1,2014-05-31,NA,NA,noData,2571-90251,NA,NA,T,NA
KENTADAFL1,2014-05-31,NA,NA,noData,2331-09114,NA,NA,T,NA
KENTADAFL1,2014-05-31,NA,NA,noData,2331-09148,NA,NA,T,NA
KENTADAFL1,2014-07-31,NA,NA,noData,2640-61858,NA,NA,T,NA
KENTADAFL1,2014-07-31,NA,NA,noData,2640-61856,NA,NA,T,NA
KENTADAFL1,2014-07-31,NA,NA,noData,2571-90250,NA,NA,T,NA
KENTADAFL1,2014-07-31,NA,NA,noData,2571-90251,NA,NA,T,NA
KENTADAFL1,2014-08-31,NA,NA,noData,2331-09147,NA,NA,T,NA
KORNHARFL1,2012-11-30,NA,NA,noData,2640-61860,NA,NA,T,NA
KORNHARFL1,2012-01-31,NA,NA,noData,2640-61860,NA,NA,T,NA
LAMMLAUFL1,2011-05-31,NA,NA,noData,2640-61885,NA,NA,T,NA
LAMMLAUFL1,2011-05-31,NA,NA,noData,2640-61826,NA,NA,T,NA
LAUESARFL1,2011-06-30,NA,NA,noData,2641-96733,NA,NA,T,NA
LAUESARFL1,2011-06-30,NA,NA,noData,2590-82058,NA,NA,T,NA
LAUESARFL1,2012-08-31,NA,NA,noData,1991-18030,NA,NA,T,NA
LAUESARFL1,2012-09-30,NA,NA,noData,1991-18030,NA,NA,T,NA
LAUESARFL1,2012-09-30,NA,NA,noData,1991-18029,NA,NA,T,NA
LAUESARFL1,2013-05-31,NA,NA,noData,2571-70473,NA,NA,T,NA
LAUESARFL1,2013-06-30,NA,NA,noData,2571-90275,NA,NA,T,NA
LOUWLISFL1,2011-06-30,NA,NA,noData,2661-07798,NA,NA,T,NA
MILLKARFL1,2011-06-30,NA,NA,noData,2661-31385,NA,NA,T,NA
MILLKARFL1,2013-11-30,NA,NA,noData,2590-82091,NA,NA,T,NA
MILLKARFL1,2011-05-31,NA,NA,noData,2661-07755,NA,NA,T,NA
NATUAREFL1,2011-06-30,NA,NA,noData,2661-31375,NA,NA,T,NA
NOSSANDFL1,2011-05-31,NA,NA,noData,2541-40422,NA,NA,T,NA
NOSSANDFL1,2011-05-31,NA,NA,noData,2661-07824,NA,NA,T,NA
NOSSANDFL1,2011-06-30,NA,NA,noData,2661-07676,NA,NA,T,NA
NOSSANDFL1,2011-06-30,NA,NA,noData,2661-07824,NA,NA,T,NA
ROBIRONFL1,2012-10-31,NA,NA,noData,1991-18073,NA,NA,T,NA
ROBIRONFL1,2012-10-31,NA,NA,noData,1991-18074,NA,NA,T,NA
ROBIRONFL1,2012-10-31,NA,NA,noData,1991-18075,NA,NA,T,NA
ROBIRONFL1,2012-11-30,NA,NA,noData,1991-18068,NA,NA,T,NA
ROBIRONFL1,2012-11-30,NA,NA,noData,1991-18071,NA,NA,T,NA
ROBIRONFL1,2012-11-30,NA,NA,noData,1991-18073,NA,NA,T,NA
ROBIRONFL1,2012-11-30,NA,NA,noData,1991-18075,NA,NA,T,NA
ROBIRONFL1,2012-11-30,NA,NA,noData,1991-18076,NA,NA,T,NA
ROBIRONFL1,2012-12-31,NA,NA,noData,1991-18069,NA,NA,T,NA
ROBIRONFL1,2012-12-31,NA,NA,noData,1991-18070,NA,NA,T,NA
ROBIRONFL1,2012-12-31,NA,NA,noData,1991-18072,NA,NA,T,NA
ROBIRONFL1,2012-12-31,NA,NA,noData,1991-18073,NA,NA,T,NA
ROBIRONFL1,2012-12-31,NA,NA,noData,1991-18074,NA,NA,T,NA
ROBIRONFL1,2012-12-31,NA,NA,noData,1991-18075,NA,NA,T,NA
ROBIRONFL1,2012-01-31,NA,NA,noData,1991-18069,NA,NA,T,NA
ROBIRONFL1,2012-01-31,NA,NA,noData,1991-18070,NA,NA,T,NA
ROBIRONFL1,2012-01-31,NA,NA,noData,1991-18072,NA,NA,T,NA
ROBIRONFL1,2012-01-31,NA,NA,noData,1991-18073,NA,NA,T,NA
ROBIRONFL1,2012-01-31,NA,NA,noData,1991-18075,NA,NA,T,NA
ROBIRONFL1,2012-02-28,NA,NA,noData,1991-18073,NA,NA,T,NA
ROBIRONFL1,2013-03-31,NA,NA,noData,1991-18070,NA,NA,T,NA
ROBIRONFL1,2013-03-31,NA,NA,noData,1991-18072,NA,NA,T,NA
ROBIRONFL1,2013-03-31,NA,NA,noData,1991-18073,NA,NA,T,NA
ROBIRONFL1,2013-03-31,NA,NA,noData,1991-18075,NA,NA,T,NA
ROBIRONFL1,2013-04-30,NA,NA,noData,1991-18070,NA,NA,T,NA
ROBIRONFL1,2013-04-30,NA,NA,noData,1991-18075,NA,NA,T,NA
STRARICFL1,2015-04-30,NA,NA,noData,2661-31384,NA,NA,T,NA
WINTCHAFL1,2011-05-31,NA,NA,noData,2661-31337,NA,NA,T,NA
WINTCHARFL1,2011-05-31,NA,NA,noData,2661-31340,NA,NA,T,NA
BYERHEAPA1,2015-07-04,NA,NA,noData,2730-26337,NA,NA,T,NA
CLARBRYMA1,2014-06-11,NA,NA,noData,2690-87917,NA,NA,T,NA
WHELGWEMA1,2014-06-14,NA,NA,noData,2690-87708,NA,NA,T,NA
LANGPETMA1,2014-06-19,NA,NA,noData,2690-87918,NA,NA,T,NA
SINIKRIMA1,2014-06-11,NA,NA,noData,2690-87732,NA,NA,T,NA
SLONJOHMA1,2013-06-15,NA,NA,noData,2531-91144,NA,NA,T,NA
KINGDAVMA1,2014-07-31,NA,NA,noData,2561-86691,NA,NA,T,NA
PIEPSUSMA1,2014-05-27,NA,NA,noData,1891-11091,NA,NA,T,NA
CUSHTANMA1,2013-05-29,NA,NA,noData,2531-91149,NA,NA,T,NA
ROSEJOSMA1,2014-06-01,NA,NA,noData,1891-11048,NA,NA,T,NA
BRIDNATMA1,2014-08-02,NA,NA,noData,2660-85449,NA,NA,T,NA
WOODSANMA1,2013-05-31,NA,NA,noData,2690-87825,NA,NA,T,NA
KINGDAVMA1,2014-07-31,NA,NA,noData,2690-87759,NA,NA,T,NA
FAERHOWMA1,2014-05-29,NA,NA,noData,2531-91126,NA,NA,T,NA
AAROJESFL1,2016-04-21,ZZ,NA,noData,2661-31319,NA,NA,T,NA
BANDCATFL1,2016-03-28,ZZ,NA,noData,2541-40415,NA,NA,T,NA
BANDCATFL1,2016-03-28,ZZ,NA,noData,2661-07658,NA,NA,T,NA
BLOOLEEFL1,2016-04-08,ZZ,NA,noData,2531-99356,NA,NA,T,NA
BLOOLEEFL1,2016-04-08,ZZ,NA,noData,1991-18038,NA,NA,T,NA
BLOOLEEFL1,2016-04-08,ZZ,NA,noData,2331-09123,NA,NA,T,NA
BLOOLEEFL1,2016-04-08,ZZ,NA,noData,2590-82040,NA,NA,T,NA
BLOOLEEFL1,2016-04-08,ZZ,NA,noData,2331-09334,NA,NA,T,NA
CARLDAVFL1,2016-04-13,ZZ,NA,noData,2661-07805,NA,NA,T,NA
CASEANNFL1,2016-04-12,ZZ,NA,noData,2331-90141,NA,NA,T,NA
CASEANNFL1,2016-04-12,ZZ,NA,noData,2331-90139,NA,NA,T,NA
CASEANNFL1,2016-04-12,ZZ,NA,noData,2571-90242,NA,NA,T,NA
CASEANNFL1,2016-04-12,ZZ,NA,noData,2571-90247,NA,NA,T,NA
CASEANNFL1,2016-04-12,ZZ,NA,noData,2641-96738,NA,NA,T,NA
CHERNADFL1,2016-09-28,ZZ,NA,1,2661-07672,NA,NA,F,NA
CHURCARFL1,2016-05-04,ZZ,7:15,noData,2661-07856,NA,NA,T,NA
CHURCARFL1,2016-05-04,ZZ,7:40,noData,2641-96635,NA,NA,T,NA
CIBUJEAFL1,2016-04-27,ZZ,7:15,noData,2531-99350,NA,NA,T,NA
CIBUJEAFL1,2016-04-27,ZZ,8:20,noData,2541-40452,NA,NA,T,NA
COLLKEIFL1,2016-04-25,ZZ,NA,noData,2541-40414,NA,NA,T,NA
COLLKEIFL1,2016-04-25,ZZ,NA,noData,2331-09342,NA,NA,T,NA
COXANDFL1,2016-05-02,ZZ,8:10,noData,2661-07855,NA,NA,T,NA
DOUGSANFL1,2016-09-28,ZZ,7:10,1,2571-70413,NA,NA,F,NA
DUFFSHAFL1,2016-03-22,ZZ,NA,noData,2331-09358,NA,NA,T,NA
DUFFSHAFL1,2016-03-22,ZZ,NA,noData,2331-09359,NA,NA,T,NA
ENNEBECFL1,2016-06-19,ZZ,8:20,1,1991-18052,NA,NA,F,NA
FLAGMARFL1,2016-04-11,ZZ,NA,noData,2661-07704,NA,NA,T,NA
FULLPAMFL1,2016-05-25,ZZ,8:15,noData,2541-40441,NA,NA,T,NA
GOWAJOAFL1,2016-03-23,ZZ,NA,noData,2331-09163,NA,NA,T,NA
GOWAJOAFL1,2016-03-23,ZZ,NA,noData,2661-07793,NA,NA,T,NA
GOWAJOAFL1,2016-03-24,ZZ,NA,noData,2661-07664,NA,NA,T,NA
GRANIANFL1,2016-05-27,ZZ,7:15,noData,2710-54221,NA,NA,T,NA
GRANIANFL1,2016-05-27,ZZ,7:15,noData,2541-40456,NA,NA,T,NA
GRANIANFL1,2016-05-27,ZZ,7:45,noData,2571-70429,NA,NA,T,NA
GRANIANFL1,2016-05-27,ZZ,8:50,noData,2541-40464,NA,NA,T,NA
HERRJAYFL1,2016-04-01,ZZ,NA,noData,2661-07896,NA,NA,T,NA
HERRJAYFL1,2016-04-01,ZZ,NA,noData,2641-96632,NA,NA,T,NA
HERRJAYFL1,2016-04-01,ZZ,NA,noData,2641-96633,NA,NA,T,NA
HOSTMARFL1,2016-05-09,ZZ,NA,noData,2641-96641,NA,NA,T,NA
HOSTMARFL1,2016-05-09,ZZ,NA,noData,2641-96640,NA,NA,T,NA
JACOSUSFL1,2016-06-17,ZZ,6:40,1,2541-37501,NA,NA,F,NA
JACOSUSFL1,2016-06-17,ZZ,6:45,1,2641-96761,NA,NA,F,NA
KENTADAFL1,2016-04-18,ZZ,NA,noData,2661-07672,NA,NA,T,NA
KENTADAFL1,2016-04-26,ZZ,NA,noData,2710-25711,NA,NA,T,NA
KENTADAFL1,2016-04-26,ZZ,NA,noData,2531-99395,NA,NA,T,NA
KENTADAFL1,2016-04-26,ZZ,NA,noData,2661-31343,NA,NA,T,NA
KENTADAFL1,2016-04-26,ZZ,NA,noData,1991-18077,NA,NA,T,NA
KENTADAFL1,2016-04-26,ZZ,NA,noData,2541-40420,NA,NA,T,NA
KNOWMIKFL1,2016-04-05,ZZ,NA,noData,2710-54212,NA,NA,T,NA
KNOWMIKFL1,2016-04-05,ZZ,NA,noData,2661-07689,NA,NA,T,NA
KNOXMIKFL1,2016-04-05,ZZ,NA,NA,2710-54212,NA,NA,I,NA
KNOXMIKFL1,2016-04-05,ZZ,NA,1,2661-07689,NA,NA,F,NA
KRATANDFL1,2016-05-12,ZZ,NA,noData,2331-09368,NA,NA,T,NA
LAMMLAUFL1,2016-06-02,ZZ,7:45,1,2661-07818,NA,NA,F,NA
LAUESARFL1,2016-04-23,ZZ,NA,noData,2641-96733,NA,NA,T,NA
LAUESARFL1,2016-04-23,ZZ,NA,noData,2541-37599,NA,NA,T,NA
LICHJERFL1,2016-05-15,ZZ,NA,noData,2661-07857,NA,NA,T,NA
MILLKARFL1,2016-04-20,ZZ,NA,noData,2541-37514,NA,NA,T,NA
MILLKARFL1,2016-06-08,ZZ,7:14,1,2661-07754,NA,NA,F,NA
MILLKARLFL1,2016-06-11,ZZ,7:14,1,2661-07754,NA,NA,F,NA
NATUAREFL1,2016-04-28,ZZ,7:45,noData,2661-31373,NA,NA,T,NA
NATUAREFL1,2016-04-28,ZZ,8:30,noData,2661-31375,NA,NA,T,NA
NOSSANDFL1,2016-05-05,ZZ,7:20,noData,2661-07824,NA,NA,T,NA
NOSSANDFL1,2016-05-05,ZZ,8:20,noData,2661-07825,NA,NA,T,NA
PLACGIRFL1,2016-04-03,ZZ,NA,noData,2641-96774,NA,NA,T,NA
PLACGIRFL1,2016-04-03,ZZ,NA,noData,2641-96768,NA,NA,T,NA
PROWGARFL1,2016-04-04,ZZ,NA,noData,2531-99370,NA,NA,T,NA
ROBIRONFL1,2016-04-06,ZZ,NA,noData,2641-96752,NA,NA,T,NA
ROBIRONFL1,2016-04-06,ZZ,NA,noData,2661-31392,NA,NA,T,NA
ROBIRONFL1,2016-04-06,ZZ,NA,noData,2590-82054,NA,NA,T,NA
ROBIRONFL1,2016-04-06,ZZ,NA,noData,2590-82100,NA,NA,T,NA
ROBIRONFL1,2016-04-06,ZZ,NA,noData,2641-96749,NA,NA,T,NA
ROBIRONFL1,2016-04-06,ZZ,NA,noData,2331-09151,NA,NA,T,NA
ROBISCOFL1,2016-06-08,ZZ,NA,1,2641-96671,NA,NA,F,NA
ROBISCOFL1,2016-06-08,ZZ,NA,1,2531-99329,NA,NA,F,NA
ROBISCOFL1,2016-06-08,ZZ,NA,1,2710-54225,NA,NA,F,NA
ROBISCOFL1,2016-06-08,ZZ,NA,1,2641-96664,NA,NA,F,NA
ROBISCOFL1,2016-06-08,ZZ,NA,1,2541-40469,NA,NA,F,NA
ROBISCOFL1,2016-06-08,ZZ,NA,1,2541-40468,NA,NA,F,NA
SHAHMAUFL1,2016-05-07,ZZ,8:25,noData,2661-07665,NA,NA,T,NA
STRARICFL1,2016-04-20,ZZ,NA,noData,2541-40413,NA,NA,T,NA
WEBBTOMFL1,2016-09-28,ZZ,NA,1,2640-61823,NA,NA,F,NA
WILLJIMFL1,2016-04-07,ZZ,NA,noData,2641-96608,NA,NA,T,NA
WILLJIMFL1,2016-04-07,ZZ,NA,noData,2641-96758,NA,NA,T,NA
WILLJIMFL1,2016-04-07,ZZ,NA,noData,2541-37508,NA,NA,T,NA
WINTCHAFL1,2016-04-22,ZZ,NA,noData,2661-31337,NA,NA,T,NA
WINTCHAFL1,2016-05-11,ZZ,NA,noData,2640-61823,NA,NA,T,NA
BRAXBOBGA1,2016-05-18,JLD,11:48,1,1352-27604,-84.41007,33.67196,F,NA
DISALINGA1,2016-06-15,JLD,11:13,1,2711-54768,NA,NA,F,NA
ROHRSALMD1,2016-06-22,"MAR, KJW",11:42,1,2570-44724,-76.5533,38.860502,F,NA
PERRCHRMD1,2016-06-29,"KJW,MAR",12:09,1,2711-77542,-76.5481,39.00997,F,NA
PERRCHRMD1,2016-06-29,"KJW,MAR",12:43,1,2710-54337,-76.5481,39.010574,F,NA
BUISNORVA1,2016-07-05,JLM,10:30,NA,2531-74567,-77.26477,38.74165,I,NA
WILLTERMD1,2016-06-07,JLM,12:20,1,2711-77607,NA,NA,F,NA
EVANMICMD1,2016-04-28,KPK,10:19,noData,2531-74587,NA,NA,T,NA
BANCRESDC1,2016-05-03,ERF,10:40,noData,1352-46579,NA,NA,T,NA
BANCRESDC1,2016-05-03,"ERF,KPK",11:40,noData,1272-43199,NA,NA,T,NA
BANCRESDC1,2016-05-03,JLM,11:40,noData,2641-96858,NA,NA,T,NA
FORESESMD1,2016-05-05,"AEH,ERF",8:35,NA,2641-96865,NA,NA,I,NA
FORESESMD1,2016-05-05,"KPK,ERF,AEH",11:50,1,2571-89993,NA,NA,F,NA
FORESESMD1,2016-05-05,"KPK,ERF,AEH",11:55,1,2421-11945,NA,NA,F,NA
FORESESMD1,2016-05-05,"KPK,ERF,AEH,JLM",11:35,1,2571-90190,NA,NA,F,NA
COLSKATMD1,2016-05-07,JLM,NA,noData,2750-64417,NA,NA,T,NA
COLSKATMD1,2016-05-07,JLM,NA,noData,2531-74593,NA,NA,T,NA
COLSKATMD1,2016-05-07,JLM,NA,noData,2571-90051,NA,NA,T,NA
WILLRAJMD1,2016-05-07,KPK,NA,noData,2441-96387,NA,NA,T,NA
GOCHJOAMD1,2016-05-28,KPK,12:15,1,2421-34693,-76.58118,39.6517,F,NA
DAVIALIVA1,2016-05-31,ERF,11:00,1,2651-52490,-77.096847,38.898106,F,NA
DAVIALIVA1,2016-05-31,ERF,11:02,1,2571-89968,-77.097091,38.897999,F,NA
DAVIALIVA1,2016-05-31,ERF,11:10,1,2641-63795,-77.096676,38.89784,F,NA
DAVIALIVA1,2016-05-31,ERF,11:11,1,2641-63794,-77.09632,38.897919,F,NA
NEWBCARVA1,2016-05-31,KPK,12:35,1,2421-11431,-77.32711,38.88966,F,NA
WARDDOUVA1,2016-05-31,ERF,8:35,1,2531-90209,-77.088944,38.884899,F,NA
WILDANNVA1,2016-05-31,ERF,12:56,1,2661-07902,-77.096425,38.899337,F,NA
JAMESESVA1,2016-06-02,ERF,9:09,NA,2641-96857,NA,NA,I,NA
JAMESESVA1,2016-06-02,KPK,9:30,NA,2561-56879,NA,NA,I,NA
JAMESESVA1,2016-06-02,ERF,10:19,NA,2641-96856,NA,NA,I,NA
HAWNJANVA1,2016-06-03,ERF,10:10,1,2641-96587,NA,NA,F,NA
HAWNJANVA1,2016-06-03,ERF,10:30,1,2641-96588,NA,NA,F,NA
GOROCARDC1,2016-06-07,AEH,10:00,NA,2711-77618,NA,NA,I,NA
GOROCARDC1,2016-06-07,ERF,13:00,1,2711-77620,NA,NA,F,NA
MANNJANDC1,2016-06-07,ERF,13:25,1,2651-51547,NA,NA,F,NA
SCHIMARMD1,2016-06-10,"KPK,AEH",9:30,NA,2661-31557,-77.10913,39.10592,I,NA
SCHIMARMD1,2016-06-10,"AEH,KPK",12:41,1,2661-31557,-77.11028,39.10545,F,NA
JACOMERMD1,2016-06-11,KPK,7:02,NA,2651-51543,NA,NA,I,NA
JACOMERMD1,2016-06-11,KPK,12:10,1,2641-63957,NA,NA,F,NA
SUBRSTEMD1,2016-06-13,JLM,9:45,1,2571-90068,NA,NA,F,NA
MYERBRUMD1,2016-06-13,AEH,11:17,1,2411-37787,NA,NA,F,NA
HOROBONVA1,2016-06-15,JLM,9:50,1,2571-89930,NA,NA,F,NA
HOROBONVA1,2016-06-15,JLM,11:25,1,2710-53795,NA,NA,F,NA
BRIGKIMMD1,2016-06-16,JLM,11:46,1,2651-47542,NA,NA,F,NA
BRIGKIMMD1,2016-06-16,JLM,12:05,1,2441-14184,NA,NA,F,NA
BLOCDAVMD1,2016-06-16,KPK,11:42,1,1342-72980,NA,NA,F,NA
BLOCDAVMD1,2016-06-16,KPK,7:16,NA,2651-52497,NA,NA,I,NA
BLOCDAVMD1,2016-06-16,KPK,11:27,1,2441-96351,NA,NA,F,NA
DALEELIMD1,2016-06-17,JLM,7:59,NA,2710-53793,NA,NA,I,NA
MCCOCHRMD1,2016-06-18,KPK,11:45,1,2441-96391,NA,NA,F,NA
OWENDORVA1,2016-06-18,JLM,9:00,NA,2661-31896,NA,NA,I,NA
WISECELMD1,2016-06-20,"DLN, KJW",8:10,NA,2651-47516,-77.0324,39.069859,I,NA
WISECELMD1,2016-06-20,"DLN, KJW",NA,NA,1232-94725,NA,NA,I,NA
WISECELMD1,2016-06-20,"DLN, KJW",14:05,1,2730-24718,-77.0311,39.070009,F,NA
SINGVIRDC1,2016-06-21,JLM,7:10,NA,2711-57707,NA,NA,I,NA
SINGVIRDC1,2016-06-21,JLM,8:40,NA,2651-52482,NA,NA,I,NA
SINGVIRDC1,2016-06-21,JLM,12:27,1,2711-57705,NA,NA,F,NA
MANNJANDC1,2016-06-21,"KPK, AEH",7:20,NA,2411-37740,NA,NA,I,NA
MANNJANDC1,2016-06-21,"KPK, AEH",7:25,NA,2651-51549,NA,NA,I,NA
MANNJANDC1,2016-06-21,"KPK, AEH",8:09,NA,2641-63845,NA,NA,I,NA
DUFFSHAFL1,2016-03-22,ZZ,NA,noData,2331-09358,NA,NA,T,NA
DUFFSHAFL1,2016-03-22,ZZ,NA,noData,2331-09359,NA,NA,T,NA
GOWAJOAFL1,2016-03-23,ZZ,NA,noData,2331-09163,NA,NA,T,NA
GOWAJOAFL1,2016-03-23,ZZ,NA,noData,2661-07793,NA,NA,T,NA
GOWAJOAFL1,2016-03-24,ZZ,NA,noData,2661-07664,NA,NA,T,NA
BANDCATFL1,2016-03-28,ZZ,NA,noData,2541-40415,NA,NA,T,NA
BANDCATFL1,2016-03-28,ZZ,NA,noData,2661-07658,NA,NA,T,NA
HERRJAYFL1,2016-04-01,ZZ,NA,noData,2661-07896,NA,NA,T,NA
HERRJAYFL1,2016-04-01,ZZ,NA,noData,2641-96632,NA,NA,T,NA
HERRJAYFL1,2016-04-01,ZZ,NA,noData,2641-96633,NA,NA,T,NA
PLACGIRFL1,2016-04-03,ZZ,NA,noData,2641-96774,NA,NA,T,NA
PLACGIRFL1,2016-04-03,ZZ,NA,noData,2641-96768,NA,NA,T,NA
PROWGARFL1,2016-04-04,ZZ,NA,noData,2531-99370,NA,NA,T,NA
KNOWMIKFL1,2016-04-05,ZZ,NA,noData,2710-54212,NA,NA,T,NA
KNOWMIKFL1,2016-04-05,ZZ,NA,noData,2661-07689,NA,NA,T,NA
WILLJIMFL1,2016-04-07,ZZ,NA,noData,2641-96608,NA,NA,T,NA
WILLJIMFL1,2016-04-07,ZZ,NA,noData,2641-96758,NA,NA,T,NA
WILLJIMFL1,2016-04-07,ZZ,NA,noData,2541-37508,NA,NA,T,NA
BLOOLEEFL1,2016-04-08,ZZ,NA,noData,2531-99356,NA,NA,T,NA
BLOOLEEFL1,2016-04-08,ZZ,NA,noData,1991-18038,NA,NA,T,NA
BLOOLEEFL1,2016-04-08,ZZ,NA,noData,2331-09123,NA,NA,T,NA
BLOOLEEFL1,2016-04-08,ZZ,NA,noData,2590-82040,NA,NA,T,NA
BLOOLEEFL1,2016-04-08,ZZ,NA,noData,2331-09334,NA,NA,T,NA
FLAGMARFL1,2016-04-11,ZZ,NA,noData,2661-07704,NA,NA,T,NA
CASEANNFL1,2016-04-12,ZZ,NA,noData,2331-90141,NA,NA,T,NA
CASEANNFL1,2016-04-12,ZZ,NA,noData,2331-90139,NA,NA,T,NA
CASEANNFL1,2016-04-12,ZZ,NA,noData,2571-90242,NA,NA,T,NA
CASEANNFL1,2016-04-12,ZZ,NA,noData,2571-90247,NA,NA,T,NA
CASEANNFL1,2016-04-12,ZZ,NA,noData,2641-96738,NA,NA,T,NA
CARLDAVFL1,2016-04-13,ZZ,NA,noData,2661-07805,NA,NA,T,NA
STRARICFL1,2016-04-20,ZZ,NA,noData,2541-40413,NA,NA,T,NA
AAROJESFL1,2016-04-21,ZZ,NA,noData,2661-31319,NA,NA,T,NA
WINTCHAFL1,2016-04-22,ZZ,NA,noData,2661-31337,NA,NA,T,NA
LAUESARFL1,2016-04-23,ZZ,NA,noData,2641-96733,NA,NA,T,NA
LAUESARFL1,2016-04-23,ZZ,NA,noData,2541-37599,NA,NA,T,NA
COLLKEIFL1,2016-04-25,ZZ,NA,noData,2541-40414,NA,NA,T,NA
COLLKEIFL1,2016-04-25,ZZ,NA,noData,2331-09342,NA,NA,T,NA
KENTADAFL1,2016-04-26,ZZ,NA,noData,2710-25711,NA,NA,T,NA
KENTADAFL1,2016-04-26,ZZ,NA,noData,2531-99395,NA,NA,T,NA
KENTADAFL1,2016-04-26,ZZ,NA,noData,2661-31343,NA,NA,T,NA
KENTADAFL1,2016-04-26,ZZ,NA,noData,1991-18077,NA,NA,T,NA
KENTADAFL1,2016-04-26,ZZ,NA,noData,2541-40420,NA,NA,T,NA
CIBUJEAFL1,2016-04-27,ZZ,7:15,noData,2531-99350,NA,NA,T,NA
CIBUJEAFL1,2016-04-27,ZZ,8:20,noData,2541-40452,NA,NA,T,NA
NATUAREFL1,2016-04-28,ZZ,7:45,noData,2661-31373,NA,NA,T,NA
NATUAREFL1,2016-04-28,ZZ,8:30,noData,2661-31375,NA,NA,T,NA
COXANDFL1,2016-05-02,ZZ,8:10,noData,2661-07855,NA,NA,T,NA
CHURCARFL1,2016-05-04,ZZ,7:15,noData,2661-07856,NA,NA,T,NA
CHURCARFL1,2016-05-04,ZZ,7:40,noData,2641-96635,NA,NA,T,NA
NOSSANDFL1,2016-05-05,ZZ,7:20,noData,2661-07824,NA,NA,T,NA
NOSSANDFL1,2016-05-05,ZZ,8:20,noData,2661-07825,NA,NA,T,NA
SHAHMAUFL1,2016-05-07,ZZ,8:25,noData,2661-07665,NA,NA,T,NA
HOSTMARFL1,2016-05-09,ZZ,NA,noData,2641-96641,NA,NA,T,NA
HOSTMARFL1,2016-05-09,ZZ,NA,noData,2641-96640,NA,NA,T,NA
KRATANDFL1,2016-05-12,ZZ,NA,noData,2331-09368,NA,NA,T,NA
LICHJERFL1,2016-05-15,ZZ,NA,noData,2661-07857,NA,NA,T,NA
FULLPAMFL1,2016-05-25,ZZ,8:15,noData,2541-40441,NA,NA,T,NA
GRANIANFL1,2016-05-27,ZZ,7:15,noData,2710-54221,NA,NA,T,NA
GRANIANFL1,2016-05-27,ZZ,7:15,noData,2541-40456,NA,NA,T,NA
GRANIANFL1,2016-05-27,ZZ,7:45,noData,2571-70429,NA,NA,T,NA
GRANIANFL1,2016-05-27,ZZ,8:50,noData,2541-40464,NA,NA,T,NA
KALIELINC1,2016-05-07,AJB,12:32,noData,2711-64156,NA,NA,T,NA
ARGEGIONC1,2016-05-11,JIC,10:45,noData,2711-64043,NA,NA,T,NA
CASTTOMNC1,2016-05-11,AJB,12:50,noData,2180-92490,NA,NA,T,NA
WHEEJENNC1,2016-05-14,AJB,10:00,NA,2180-92499,NA,NA,I,NA
PRESANNNC1,2016-05-20,AJB,12:33,noData,2180-92479,NA,NA,T,NA
WANGMATNC1,2016-05-21,AJB,11:20,noData,2711-64073,NA,NA,T,NA
FRANMICNC1,2016-05-26,AJB,10:00,NA,2711-64075,NA,NA,I,NA
FRANMICNC1,2016-05-26,AJB,12:45,1,2180-92475,NA,NA,F,NA
MEADRUTNC1,2016-06-08,JIC,10:30,1,2711-64044,NA,NA,F,NA
HIGGBETMA1,2016-05-16,SBL,NA,noData,1212-52862,NA,NA,T,NA
SPLAMARMA2,2016-05-20,SBL,12:35,1,2571-83134,-72.67021,42.24997,F,NA
FORDSUSMA1,2016-05-27,SMB,11:50,noData,2571-83122,NA,NA,T,NA
FORDSUSMA1,2016-05-27,TMB,11:56,noData,2720-99649,NA,NA,T,NA
FORDSUSMA1,2016-05-27,TMB,12:29,noData,2720-99650,NA,NA,T,NA
SHEAMARMA1,2016-05-28,SMB,12:27,1,2651-17080,-72.60554,42.48123,F,NA
PIEPSUSMA1,2016-05-29,TMB,NA,1,1212-36680,-76.60584,42.12559,F,NA
PIEPSUSMA1,2016-05-29,TMB,NA,1,2651-17102,-72.60612,42.12531,F,NA
PAGEALLMA1,2016-05-31,RSG,12:37,1,2750-35054,-72.52859,42.53548,F,NA
SINIKRIMA1,2016-06-03,RSG,12:45,1,2750-35061,-72.57181,42.58568,F,NA
ROSEJOSMA1,2016-06-04,TMB,11:00,NA,2651-17111,-72.47962,42.37844,I,NA
BAKENANMA1,2016-06-07,SMB,13:15,1,2730-27519,NA,NA,F,NA
BAKENANMA1,2016-06-07,SMB,13:20,1,2750-35037,NA,NA,F,NA
BAKENANMA1,2016-06-07,SMB,13:52,NA,2561-86610,NA,NA,I,NA
MALTELIMA1,2016-06-11,TMB,12:53,1,2690-87934,NA,NA,F,NA
WILLJUDMA1,2016-06-16,TMB,12:40,1,1212-52839,NA,NA,F,NA
PIROELADC1,2016-06-26,KJW,12:14,1,2730-26440,-77.0821,38.958258,F,NA
LAKEAESVA1,2016-04-19,"EF, JM, KK, AH",8:20,NA,1352-46595,NA,NA,I,NA
BAILEESVA1,2016-04-25,"ERF,JM,KPK,AH",9:30,NA,2571-89986,NA,NA,I,NA
ANDRKENVA1,2016-06-27,JLM,8:30,NA,2571-89992,-77.34554,38.92377,I,NA
MULLJOYVA1,2016-06-24,KPK,10:12,NA,2441-13861,-77.33956,38.68805,I,NA
MULLJOYVA1,2016-06-24,KPK,11:53,1,2571-89991,-77.3408,38.68644,F,NA
MULLJOYVA1,2016-06-24,KPK,12:23,1,2421-11990,-77.34155,38.68795,F,NA
CANNANNMA1,2016-06-21,SMB,12:39,1,2641-85610,-72.53558,42.31897,F,NA
CANNANNMA1,2016-06-21,SMB,12:39,1,2641-85611,-72.53558,42.31897,F,NA
MOLIKARMD1,2016-06-27,"KJW,MAR",11:34,1,2711-77541,-76.5349,38.704333,F,NA
TRAUPATVA2,2016-06-25,MAR,9:50,NA,2750-64420,-77.3285,38.996729,I,NA
TRAUPATVA2,2016-06-25,VEM,9:45,NA,2661-31555,-77.3285,38.996729,I,NA
TRAUPATVA2,2016-06-25,vem,10:40,1,2531-90263,-77.3291,38.996817,F,NA
GERYERIMD1,2016-06-28,KJW,12:33,1,2561-56891,-77.1194,39.000213,F,NA
GERYERIMD1,2016-06-28,KJW,12:33,1,2561-56890,-77.11936759,39.000213,F,NA
MERIMARMA1,2016-06-26,TMB,8:30,NA,2690-87789,-72.70177,42.31003,I,NA
MERIMARMA1,2016-06-26,TMB,8:35,NA,2690-87794,-72.70177,42.31003,I,NA
MERIMARMA1,2016-06-26,TMB,8:35,NA,2720-99664,-72.70177,42.31003,I,NA
MERIMARMA1,2016-06-26,TMB,8:35,NA,2720-99665,-72.70177,42.31003,I,NA
MERIMARMA1,2016-06-26,TMB,13:35,1,2651-43264,-72.69973,42.31059,F,NA
MOSMCARMD1,2016-06-30,"KJW,MAR",7:00,NA,2441-13854,-76.46771669,39.092718,I,NA
MOSMCARMD1,2016-06-30,"KJW,MAR",11:32,1,2411-37220,-76.46867911,39.092291,F,NA
MOSMCARMD1,2016-06-30,"KJW,MAR",11:52,1,2810-03329,-76.46853311,39.091942,F,NA
BLANBETMD1,2016-06-30,KPK,8:20,NA,2641-96580,-76.544997,39.10519,I,NA
OWENKATMD1,2016-06-30,JLM,9:30,NA,2651-52486,-77.14623,39.07316,I,NA
OWENKATMD1,2016-06-30,JLM,11:36,NA,2651-52485,-77.14623,39.07316,I,NA
OWENKATMD1,2016-06-30,JLM,12:00,1,2711-57704,-77.14672,39.07286,F,NA
STANJEFMD1,2016-07-02,"KJW,MAR",12:30,1,2810-03332,-77.06795585,38.976638,F,NA
STANJEFMD1,2016-07-02,"KJW,MAR",9:40,NA,2710-53949,-77.06845692,38.977197,I,NA
FISHFERVA1,2016-07-05,KPK,8:23,NA,2571-70346,-77.131815,38.912823,I,NA
FISHFERVA1,2016-07-05,KPK,12:09,1,2750-64479,-77.13081,38.91284,F,NA
FISHFERVA1,2016-07-05,KPK,12:51,1,2531-90261,-77.13223,38.91249,F,NA
SURNSANMA1,2016-07-04,TMB,7:30,NA,1891-11058,-72.5309,42.36445,I,NA
PHARAIMMD1,2016-07-06,"KJW,MAR",9:08,NA,2710-54347,-76.47008642,39.017458,I,NA
HULLJEFVA1,2016-07-07,KPK,9:57,NA,1272-42422,-77.07068,38.82678,I,NA
HULLJEFVA1,2016-07-07,KPK,11:31,1,2341-30398,-77.07214,38.82748,F,NA
HULLJEFVA1,2016-07-07,KPK,12:00,1,2441-13833,-77.06987,38.82597,F,NA
LINDHANMD1,2016-07-08,KPK,8:46,NA,2571-89952,-77.084671,38.980698,I,NA
LINDHANMD1,2016-07-08,KPK,8:53,NA,2711-77640,-77.084671,38.980698,I,NA
SPEAMARNC1,2016-07-07,ELB,10:17,1,2711-64114,NA,NA,F,NA
WILLCAINC1,2016-07-02,ELB,11:54,1,2711-64104,NA,NA,F,NA
LANDCELVA1,2016-07-09,KPK,7:50,NA,2441-13876,-77.2409741,38.882144,I,NA
MORRCHRVA1,2016-07-09,JLM,11:47,1,2750-41353,NA,NA,F,NA
LANGANKVA1,2016-07-11,KPK,8:47,NA,2641-96846,-77.299275,38.93561,I,NA
LANGANKVA1,2016-07-11,KPK,11:29,1,2750-64303,-77.29947,38.93614,F,NA
RINADAVMA1,2016-07-10,TMB,12:30,1,2571-83052,-72.68148,42.0592,F,NA
PICKSALMA1,2016-07-11,TMB,10:35,NA,2750-34913,NA,NA,I,NA
ONTAHOUDC1,2016-07-12,"KJW,MAR",11:35,1,2421-11984,-77.04138831,38.926135,F,NA
MCNAKRIMD1,2016-07-12,KPK,7:45,NA,2531-90268,-77.09843,38.95863,I,NA
MCNAKRIMD1,2016-07-12,KPK,7:56,NA,2651-56764,-77.09866,38.95863,I,NA
MCNAKRIMD1,2016-07-12,KPK,8:10,NA,2711-77630,-77.09866,38.95863,I,NA
MCNAKRIMD1,2016-07-12,KPK,9:14,NA,2711-77624,-77.09066,38.95863,I,NA
MCNAKRIMD1,2016-07-12,KPK,11:57,1,2711-77626,-77.097544,38.957509,F,NA
MCNAKRIMD1,2016-07-12,KPK,12:19,1,2531-90270,-77.099176,38.958608,F,NA
MCNAKRIMD1,2016-07-12,KPK,12:26,1,2651-56766,-77.099176,38.958608,F,NA
MATHLYNMA1,2016-07-13,TMB,9:00,NA,2651-43300,-72.69594,42.58263,I,NA
STEPJANMA1,2016-06-14,TMB,12:17,1,2291-44253,NA,NA,F,NA
DOYLPHIMA1,2016-07-08,SBL,13:15,NA,2651-43267,NA,NA,I,NA
CAMPGLOMD1,2016-07-14,JLM,9:09,NA,2690-95995,NA,NA,I,NA
CAMPGLOMD1,2016-07-14,JLM,8:00,NA,2641-63786,NA,NA,I,NA
WILLTINVA1,2016-07-15,JLM,11:22,1,2641-63888,NA,NA,F,NA
WILLTINVA1,2016-07-15,JLM,12:06,NA,2651-51553,NA,NA,I,NA
GRIFRACMA1,2016-07-11,SBL,10:00,NA,2641-85630,NA,NA,I,NA
GRIFRACMA1,2016-06-23,SMB,14:01,1,2641-85630,-72.36902,42.2398,F,NA
CANCYOLMA1,2016-06-19,TMB,10:08,NA,2571-83133,-72.57847,42.09783,I,NA
ATHEJIMMA1,2016-06-20,SMB,11:45,NA,2651-43211,NA,NA,I,NA
ZEPKJANMA1,2016-07-14,TMB,11:50,1,2561-86637,-72.67162,42.10316,F,NA
ZEPKJANMA1,2016-07-14,TMB,12:04,1,2750-35089,-72.67165,42.10303,F,NA
ZEPKJANMA1,2016-07-14,TMB,12:38,1,2291-44259,-72.66988,42.10244,F,NA
DEGELAUNC1,2016-07-02,AJB,12:30,1,2750-51201,NA,NA,F,NA
BURNNIKMA1,2016-07-16,TMB,12:34,1,2730-27576,-72.502724,42.122563,F,NA
BURGRENNC1,2016-06-29,AJB,11:50,1,2180-92594,NA,NA,F,NA
SKRALOUNC1,2016-06-23,AJB,10:00,NA,2711-64158,NA,NA,I,NA
COSTHOWNC1,2016-06-15,AJB,11:59,1,2711-64087,NA,NA,F,NA
RAUNERIMD2,2016-07-18,KJW,13:00,1,2651-47519,-76.88422768,39.001636,F,NA
WIEBFRAMD1,2016-07-19,"KJW,JRQ",9:15,NA,2531-74557,-77.01577363,38.977191,I,NA
MUTRCYNVA2,2016-07-20,JLM,9:34,NA,2571-89972,NA,NA,I,NA
MUTRCYNVA2,2016-07-20,JLM,10:07,NA,2641-63879,NA,NA,I,NA
DELUKARVA1,2016-07-20,KPK,9:26,1,2441-14030,-77.16217,38.90501,F,NA
GAIEMELMA1,2016-06-26,SMB,14:06,1,2291-44294,-72.56057,42.53246,F,NA
GAIEMELMA1,2016-06-26,SMB,14:20,1,2371-04314,-72.56061,42.53224,F,NA
WILDANNVA2,2016-07-21,VEM,7:10,NA,2651-47529,-77.20485318,38.867803,I,NA
WILELINMD1,2016-07-22,KPK,9:32,1,2750-41378,-76.21126,38.97032,F,NA
BURNNANMD1,2016-07-22,KPK,7:33,1,2711-77650,-76.12469,38.73187,F,NA
BURNNANMD1,2016-07-22,KPK,8:07,1,2711-77651,-76.12448,38.73339,F,NA
CASACORPA1,2016-07-12,"BR, SR",NA,NA,2711-77254,NA,NA,I,NA
ALCACHLPA1,2016-07-19,"BR, SR, JC",11:30,NA,2711-77433,NA,NA,I,NA
SHERALEMA1,2016-07-23,TMB,12:30,1,2720-99688,-72.54079,42.09189,F,NA
WARRPAIMA1,2016-07-24,TMB,8:55,NA,2651-65620,-72.5278,42.40887,I,NA
WARRPAIMA1,2016-07-24,TMB,10:00,NA,2660-85452,-72.52771,42.40899,I,NA
ASSMCARMD1,2016-07-08,"KJW,MAR",10:10,NA,2301-56535,-77.05677032,38.985801,I,NA
BILLPAIDC1,2016-07-13,"KJW,MAR",11:05,1,2421-11389,-77.01423267,38.971694,F,NA
CAUSSUSMD1,2016-07-05,"KJW,MAR",11:27,1,2661-31872,-77.17532099,39.298443,F,NA
SOLIAPRMD1,2016-07-25,KPK,10:59,1,2651-56767,-76.7666,38.41163,F,NA
CLARCOLDC1,2016-06-12,DLN,9:07,NA,2531-74547,-77.04754855,38.919738,I,NA
LATHJANMA1,2016-07-24,SMB,13:30,1,2651-43260,-72.53252,42.31632,F,NA
DELUKARVA2,2016-07-26,KPK,11:35,1,2711-77714,-77.077,38.89214,F,NA
FARYSIMMD1,2016-07-02,KPK,11:54,1,2421-11502,-77.0183,38.98852,F,NA
FARYSIMMD1,2016-07-02,KPK,12:03,1,2711-77613,-77.01958,38.98921,F,NA
LUCAJILMD1,2016-07-01,KJW,9:50,NA,2661-31595,-77.10740161,38.9491,I,NA
VERSMATMA1,2016-08-29,TMB,10:45,NA,2651-43219,-72.72076,42.35514,I,NA
BULLTHOMA1,2016-08-01,TMB,8:30,NA,2651-17181,NA,NA,I,NA
MCKEERIMA1,2016-08-03,TMB,12:22,1,2581-97917,-72.50082,42.65061,F,NA
KINGGEOMA1,2016-07-18,SMB,13:30,1,2651-17152,-72.48867,42.07452,F,NA
KELLSETMA1,2016-06-03,SMB,13:30,1,2371-04380,-72.81305,42.08636,F,NA
KELLSETMA1,2016-06-03,SMB,14:05,1,2371-04378,-72.81311,42.08639,F,NA
RICHALMA1,2016-08-07,TMB,9:05,NA,2651-43227,-72.58256,42.46045,I,NA
RICHALMA1,2016-06-07,TMB,8:45,NA,2571-83116,-72.58256,42.46045,I,NA
REIDLOLMA1,2016-06-08,TMB,12:14,1,1352-63532,-72.62302,42.3167,F,NA
HOPEDONPA1,2016-07-21,MW,7:55,NA,1761-81988,-80.041515,40.37245,I,NA
HILLSALMA1,2016-05-18,SMB,9:54,NA,2651-43230,NA,NA,I,NA
BAERMIKPA1,2016-06-04,MW,12:20,1,2441-14495,-79.762294,40.397572,F,NA
DOPPJANMA1,2016-07-01,SMB,13:35,1,2571-83148,-72.65502,42.2873,F,NA
HAMMSHIMA1,2016-07-03,SMB,12:15,1,2641-85669,NA,NA,F,NA
TABACARPA1,2016-06-29,MW,10:45,NA,2661-31448,NA,NA,I,NA
FECHMARPA1,2016-07-15,"BR,JC,JK",6:30,NA,2711-77313,NA,NA,I,NA
FECHMARPA1,2016-07-15,"BR,JC,JK",8:30,NA,2711-77316,NA,NA,I,NA
JACOSUSFL1,2016-06-17,ZZ,6:40,1,2541-37501,NA,NA,F,NA
DOUGSANFL1,2016-09-28,ZZ,7:10,1,2571-70413,NA,NA,F,NA
HUNTVIRPA1,2016-07-31,MW,7:00,NA,2710-53636,-80.061657,40.375309,I,NA
HUNTVIRPA1,2016-07-31,MW,7:39,NA,2401-30833,-80.061657,40.375309,I,NA
GALLTERMD1,2016-06-04,JLM,NA,1,2571-89946,NA,NA,F,NA
PADORAMVA1,2016-06-07,KPK,12:00,1,2441-13880,-77.10544,38.78477,F,NA
ZAMBTRAMD1,2016-04-14,ERF,8:20,NA,791-17259,NA,NA,I,NA
VONGJENMD1,2016-07-07,"KJW,MAR",9:00,NA,2411-37406,-77.13120596,39.009927,I,NA
VONGJENMD1,2016-07-07,"KJW,MAR",10:34,NA,2411-37404,-77.1313423,39.009852,I,NA
VONGJENMD1,2016-07-07,"KJW,MAR",12:00,1,2750-41403,-77.13120596,39.009927,F,NA
BELMNIKGA1,2016-06-14,JLD,11:27,1,2711-54753,NA,NA,F,NA
KRENMARGA1,2016-06-02,JLD,10:42,1,2710-53756,-84.34124,33.81936,F,NA
WISSSTEGA1,2016-04-21,JLD,11:45,noData,2661-31836,NA,NA,T,NA
BOBAMICNC1,2016-05-30,JIC,10:00,noData,2180-92410,NA,NA,T,NA
KEATELINC1,2016-06-04,AJB,11:30,1,1352-92444,NA,NA,F,NA
LOFLKATNC1,2016-06-01,JIC,9:30,1,851-39857,NA,NA,F,NA
LOFLKATNC1,2016-06-01,JIC,9:30,1,851-39856,NA,NA,F,NA
HAHNMARNC1,2016-05-13,JIC,NA,noData,2711-64030,NA,NA,T,NA
THOMDEBPA1,2016-05-17,MW,7:25,NA,2441-14806,NA,NA,I,NA
NAYLMICMD2,2016-07-25,JLM,8:00,NA,2421-11980,NA,NA,I,NA
NAYLMICMD2,2016-07-25,JLM,9:00,NA,1292-64569,NA,NA,I,NA
OWENEDDNC1,2016-05-07,JIC,NA,noData,851-39844,NA,NA,T,NA
LADYKENNC1,2016-05-04,AJB,9:20,NA,2180-92473,NA,NA,I,NA
MCCRSARNC1,2016-06-19,AJB,12:40,1,2711-64162,NA,NA,F,NA
ROBIRONFL1,2016-04-06,ZZ,NA,noData,2641-96752,NA,NA,T,NA
ROBIRONFL1,2016-04-06,ZZ,NA,noData,2661-31392,NA,NA,T,NA
ROBIRONFL1,2016-04-06,ZZ,NA,noData,2590-82054,NA,NA,T,NA
ROBIRONFL1,2016-04-06,ZZ,NA,noData,2590-82100,NA,NA,T,NA
ROBIRONFL1,2016-04-06,ZZ,NA,noData,2641-96749,NA,NA,T,NA
ROBIRONFL1,2016-04-06,ZZ,NA,noData,2331-09151,NA,NA,T,NA
PARKDIAGA1,2016-04-28,JLD,10:57,noData,2341-30182,NA,NA,T,NA
KOPCTOMPA1,2016-05-26,BR,NA,NA,1352-46362,NA,NA,I,NA
KOPCTOMPA1,2016-05-26,BR,NA,NA,1352-46364,NA,NA,I,NA
CAMPROSMD1,2016-06-14,"KPK,AEH",6:45,NA,2651-56750,NA,NA,I,NA
CAMPROSMD1,2016-06-14,"KPK,AEH",11:56,1,2651-56749,NA,NA,F,NA
CAMPROSMD1,2016-06-14,"KPK,AEH",12:02,1,2651-56746,NA,NA,F,NA
MURRSANGA1,2016-05-23,BNT,11:45,1,2711-54806,NA,NA,F,NA
MARRPETMD2,2016-07-06,DLN,14:19,NA,2531-74600,NA,NA,I,NA
MARRPETMD2,2016-07-10,DLN,11:35,1,2651-47623,-77.00515466,38.974355,F,NA
SALITYLNC1,2016-07-08,AJB,9:45,NA,2711-64168,NA,NA,I,NA
JACOSYDMD1,2016-05-16,JLM,9:30,noData,2641-96895,NA,NA,T,NA
JACOSYDMD1,2016-05-16,JLM,9:44,noData,2641-96894,NA,NA,T,NA
JACOSYDMD1,2016-05-16,JLM,10:45,noData,2411-37216,NA,NA,T,NA
THOMDEBPA1,2016-05-17,MW,7:25,NA,2441-14806,NA,NA,I,NA
KOPCTOMPA1,2016-05-26,BR,noData,NA,1352-46362,NA,NA,I,NA
KOPCTOMPA1,2016-05-26,BR,noData,NA,1352-46364,NA,NA,I,NA
BAERMIKPA1,2016-06-04,MW,12:20,1,2441-14495,-79.762294,40.397572,F,NA
TABACARPA1,2016-06-29,MW,10:45,NA,2661-31448,NA,NA,I,NA
CASACORPA1,2016-07-12,"BR, SR",noData,NA,2711-77254,NA,NA,I,NA
FECHMARPA1,2016-07-15,"BR,JC,JK",6:30,NA,2711-77313,NA,NA,I,NA
FECHMARPA1,2016-07-15,"BR,JC,JK",8:30,NA,2711-77316,NA,NA,I,NA
ALCACHLPA1,2016-07-19,"BR, SR, JC",11:30,NA,2711-77433,NA,NA,I,NA
HOPEDONPA1,2016-07-21,MW,7:55,NA,1761-81988,-80.041515,40.37245,I,NA
